time,latitude,longitude,depth,mag,magType,nst,gap,dmin,rms,net,id,updated,place,type,horizontalError,depthError,magError,magNst,status,locationSource,magSource
2024-11-17T14:14:02.477Z,-24.2733,179.8846,508.147,4.8,mb,49,84,5.323,0.9,us,us7000nsac,2024-11-17T14:32:03.040Z,"south of the Fiji Islands",earthquake,12.69,8.306,0.053,110,reviewed,us,us
2024-11-17T12:16:29.918Z,29.0501,131.3955,8,6.1,mww,130,32,2.583,0.91,us,us7000nsa3,2024-11-17T14:26:18.498Z,"155 km SSE of Koshima, Japan",earthquake,3.1,1.823,0.041,56,reviewed,us,us
2024-11-17T04:26:44.997Z,0.7206,126.0453,50.65,4.9,mb,44,60,1.322,1.01,us,us7000ns8i,2024-11-17T04:45:59.040Z,"129 km SE of Bitung, Indonesia",earthquake,8.21,7.932,0.081,50,reviewed,us,us
2024-11-17T04:14:37.923Z,-24.2382,-179.9814,510.613,4.5,mb,42,77,5.313,1.14,us,us7000ns8g,2024-11-17T04:31:09.040Z,"south of the Fiji Islands",earthquake,13.5,8.652,0.078,51,reviewed,us,us
2024-11-16T18:35:15.986Z,-0.188,99.4138,92.465,4.7,mb,27,176,4.849,0.34,us,us7000ns6v,2024-11-16T18:53:25.040Z,"91 km WNW of Pariaman, Indonesia",earthquake,4.81,8.854,0.137,17,reviewed,us,us
2024-11-16T16:39:14.943Z,-17.5694,-178.8863,537.193,4.5,mb,52,71,1.99,0.99,us,us7000ns6k,2024-11-16T16:54:17.040Z,"198 km ENE of Levuka, Fiji",earthquake,12.74,8.337,0.04,185,reviewed,us,us
2024-11-16T15:44:02.956Z,-14.8942,167.2523,157.75,4.8,mb,37,82,6.295,0.86,us,us7000ns6f,2024-11-16T15:59:29.040Z,"25 km NE of Port-Olry, Vanuatu",earthquake,4.22,8.179,0.103,29,reviewed,us,us
2024-11-16T15:28:40.149Z,1.4045,98.3457,88.978,4.7,mb,38,179,4.047,0.84,us,us7000ns6d,2024-11-16T15:52:36.040Z,"61 km SW of Sibolga, Indonesia",earthquake,10.15,8.732,0.079,49,reviewed,us,us
2024-11-16T14:15:52.519Z,-23.1842,-67.9562,145.462,4.5,mb,28,116,0.309,1,us,us7000ns64,2024-11-16T15:26:48.040Z,"39 km SE of San Pedro de Atacama, Chile",earthquake,8.61,10.442,0.192,8,reviewed,us,us
2024-11-16T13:47:36.626Z,53.208,159.7802,60.216,5.1,mb,88,77,0.706,0.92,us,us7000ns62,2024-11-16T14:33:50.313Z,"78 km ENE of Petropavlovsk-Kamchatsky, Russia",earthquake,9.24,6.26,0.031,334,reviewed,us,us
2024-11-16T12:22:17.713Z,41.0115,140.9548,11.86,5,mb,81,101,0.237,0.71,us,us7000ns5p,2024-11-16T23:56:33.827Z,"10 km N of Hiranai, Japan",earthquake,7,3.622,0.032,308,reviewed,us,us
2024-11-16T11:58:33.679Z,-5.2916,151.3228,105.108,4.9,mb,42,67,1.377,0.96,us,us7000ns5m,2024-11-16T12:31:49.400Z,"134 km ENE of Kimbe, Papua New Guinea",earthquake,8.79,7.054,0.095,35,reviewed,us,us
2024-11-16T09:50:16.497Z,17.7545,-61.5279,29.485,4.8,mb,62,56,0.26,0.59,us,us7000ns58,2024-11-16T10:13:06.040Z,"33 km ENE of Codrington, Antigua and Barbuda",earthquake,6.71,5.019,0.051,119,reviewed,us,us
2024-11-16T09:48:47.446Z,17.7965,-61.4635,24.14,4.5,mb,48,89,0.332,0.45,us,us7000ns57,2024-11-16T11:04:43.040Z,"42 km ENE of Codrington, Antigua and Barbuda",earthquake,5.49,3.823,0.093,34,reviewed,us,us
2024-11-16T08:22:26.677Z,-12.2641,166.617,121.078,5.4,mww,100,29,7.127,0.98,us,us7000ns4s,2024-11-17T08:25:08.593Z,"192 km SSE of Lata, Solomon Islands",earthquake,9.38,5.009,0.066,22,reviewed,us,us
2024-11-16T07:03:06.784Z,14.2491,-93.0933,10,4.9,mww,98,152,1.599,1.1,us,us7000ns4l,2024-11-16T14:30:58.040Z,"89 km SW of Puerto Madero, Mexico",earthquake,6.69,1.898,0.051,37,reviewed,us,us
2024-11-16T03:51:18.136Z,-19.0652,-177.6121,535.155,4.6,mb,32,133,3.859,0.76,us,us7000ns3y,2024-11-16T04:15:10.040Z,"Fiji region",earthquake,15.74,10.026,0.122,22,reviewed,us,us
2024-11-16T02:17:09.474Z,-15.2823,-13.2696,10,5.2,mb,53,66,7.28,0.7,us,us7000ns3m,2024-11-16T02:36:28.040Z,"southern Mid-Atlantic Ridge",earthquake,11.39,1.867,0.073,61,reviewed,us,us
2024-11-15T23:05:39.762Z,-19.1981,-173.5631,118.909,4.9,mb,29,93,3.439,0.87,us,us7000ns3a,2024-11-15T23:25:21.040Z,"74 km SE of Neiafu, Tonga",earthquake,11.95,11.191,0.125,20,reviewed,us,us
2024-11-15T21:11:50.702Z,17.788,-61.4744,33.348,4.9,mb,54,93,1.306,0.83,us,us7000ns2h,2024-11-15T22:37:51.118Z,"40 km ENE of Codrington, Antigua and Barbuda",earthquake,7.12,4.799,0.043,174,reviewed,us,us
2024-11-15T18:03:43.767Z,-4.5193,153.4229,118.965,4.6,mb,84,100,1.297,0.74,us,us7000ns1x,2024-11-15T20:18:25.040Z,"New Ireland region, Papua New Guinea",earthquake,10.17,6.427,0.064,81,reviewed,us,us
2024-11-15T17:58:53.016Z,35.8377,140.7188,66.101,4.9,mb,121,114,2.153,0.58,us,us7000ns1s,2024-11-15T18:40:39.040Z,"9 km E of Omigawa, Japan",earthquake,7.03,6.808,0.05,127,reviewed,us,us
2024-11-15T17:57:25.233Z,-4.5154,153.3365,120.276,4.5,mb,74,122,1.213,0.69,us,us7000ns1t,2024-11-15T19:55:32.040Z,"120 km E of Kokopo, Papua New Guinea",earthquake,10.04,6.448,0.069,70,reviewed,us,us
2024-11-15T15:41:05.165Z,36.0888,141.0001,48.089,4.5,mb,31,138,2.303,0.54,us,us7000ns09,2024-11-15T16:17:51.040Z,"34 km ENE of Kashima-shi, Japan",earthquake,10.73,8.747,0.118,21,reviewed,us,us
2024-11-15T15:27:42.267Z,4.7235,125.4144,83.755,4.5,mb,21,117,2.336,0.73,us,us7000nrzu,2024-11-15T16:51:42.040Z,"75 km S of Sarangani, Philippines",earthquake,11.25,9.385,0.127,18,reviewed,us,us
2024-11-15T14:05:26.399Z,-23.3745,170.6672,18.329,4.8,mb,34,161,3.063,0.89,us,us7000nrz2,2024-11-15T14:56:32.040Z,"southeast of the Loyalty Islands",earthquake,10.73,4.859,0.107,29,reviewed,us,us
2024-11-15T11:38:19.511Z,-23.5887,170.239,10,5,mb,27,96,2.748,0.75,us,us7000nryk,2024-11-15T13:13:01.040Z,"298 km ESE of Vao, New Caledonia",earthquake,11.57,1.872,0.126,20,reviewed,us,us
2024-11-15T11:34:48.614Z,-6.3131,129.8028,12.088,4.5,mb,19,96,1.782,1.17,us,us7000nryj,2024-11-16T12:12:42.040Z,"Banda Sea",earthquake,6.94,2.805,0.132,17,reviewed,us,us
2024-11-15T10:51:26.058Z,-5.6417,151.4814,54.915,4.5,mb,60,45,1.593,0.56,us,us7000nryh,2024-11-15T13:28:19.040Z,"149 km E of Kimbe, Papua New Guinea",earthquake,9.44,7.214,0.078,49,reviewed,us,us
2024-11-15T10:41:05.732Z,-61.5218,153.9433,10,5.5,mww,28,113,7.524,0.31,us,us7000nryg,2024-11-16T10:44:36.940Z,"Balleny Islands region",earthquake,9.88,1.702,0.068,21,reviewed,us,us
2024-11-15T09:02:01.933Z,40.9999,40.8811,10,4.5,mwr,100,34,1.024,0.5,us,us7000nry6,2024-11-15T21:58:10.910Z,"4 km SSW of Nurluca, Turkey",earthquake,4.65,1.842,0.058,29,reviewed,us,us
2024-11-15T08:41:47.294Z,-19.3237,-172.9768,10,5.4,mb,43,86,2.892,1.36,us,us7000nry3,2024-11-16T08:45:08.512Z,"129 km SE of Neiafu, Tonga",earthquake,10.75,1.866,0.085,47,reviewed,us,us
2024-11-15T07:46:20.983Z,37.9543,37.6427,10,4.9,mb,51,55,0.629,0.69,us,us7000nrxw,2024-11-15T21:56:11.125Z,"17 km E of Nurhak, Turkey",earthquake,4.26,1.729,0.077,53,reviewed,us,us
2024-11-15T07:29:20.763Z,-5.9344,147.4578,88.138,4.8,mb,43,100,3.866,1.06,us,us7000nrxu,2024-11-15T21:44:11.286Z,"81 km NNW of Finschhafen, Papua New Guinea",earthquake,6.55,8.074,0.105,28,reviewed,us,us
2024-11-15T05:28:29.617Z,-4.7021,153.3201,51.891,6.6,mww,50,67,1.26,1.35,us,us7000nrwz,2024-11-17T09:55:24.266Z,"123 km ESE of Kokopo, Papua New Guinea",earthquake,8.85,7.797,0.061,26,reviewed,us,us
2024-11-15T03:46:45.931Z,6.5015,-82.4485,10,5,mww,40,160,2.854,1.41,us,us7000nrwt,2024-11-15T04:05:40.040Z,"175 km SSE of Burica, Panama",earthquake,7.92,1.948,0.055,32,reviewed,us,us
2024-11-15T02:17:08.437Z,51.718,-173.612,47.711,4.7,mb,61,139,0.605,1.06,us,us7000nrwh,2024-11-15T07:18:41.383Z,"66 km SE of Atka, Alaska",earthquake,7.95,4.857,0.04,192,reviewed,us,us
2024-11-15T02:08:12.987Z,0.4717,126.6648,64.597,4.6,mb,45,54,0.762,0.61,us,us7000nrwg,2024-11-15T22:31:32.040Z,"87 km WSW of Ternate, Indonesia",earthquake,7.6,6.687,0.112,28,reviewed,us,us
2024-11-15T00:11:58.311Z,51.5389,-178.3143,51.547,5.1,mb,101,122,0.312,0.72,us,us7000nrw7,2024-11-17T00:22:12.468Z,"121 km WSW of Adak, Alaska",earthquake,4.6,4.87,0.026,479,reviewed,us,us
2024-11-14T21:49:13.810Z,51.562,-178.5695,88.354,4.7,mb,43,174,0.153,0.57,us,us7000nrv2,2024-11-15T01:38:57.375Z,"138 km WSW of Adak, Alaska",earthquake,7.91,3.784,0.058,90,reviewed,us,us
2024-11-14T19:08:17.412Z,-6.0281,104.3091,88.381,5.1,mb,89,55,2.136,0.95,us,us7000nrtu,2024-11-14T19:28:29.040Z,"124 km WSW of Bandar Lampung, Indonesia",earthquake,7.75,5.859,0.049,137,reviewed,us,us
2024-11-14T17:51:37.128Z,-0.2088,127.0899,38.42,4.7,mb,45,84,1.012,0.51,us,us7000nrtj,2024-11-14T18:18:30.040Z,"63 km NW of Labuha, Indonesia",earthquake,3.67,6.409,0.082,45,reviewed,us,us
2024-11-14T15:42:52.206Z,-7.2282,121.2182,541.374,4.5,mb,39,71,1.725,0.71,us,us7000nrrw,2024-11-14T16:06:57.040Z,"174 km NNE of Ruteng, Indonesia",earthquake,7.92,8.27,0.105,27,reviewed,us,us
2024-11-14T11:15:12.948Z,38.7378,142.659,47.69,4.7,mb,26,130,2.389,0.65,us,us7000nrpa,2024-11-14T12:06:23.040Z,"89 km ESE of Ōfunato, Japan",earthquake,8.41,6.346,0.166,11,reviewed,us,us
2024-11-14T09:16:27.397Z,16.2867,-98.5612,15.14,5,mb,72,177,1.269,0.86,us,us7000nrp3,2024-11-14T15:43:20.313Z,"13 km SSW of Montecillos, Mexico",earthquake,11.73,7.291,0.035,268,reviewed,us,us
2024-11-14T07:54:42.658Z,-22.4068,-179.556,577.324,4.5,mb,30,121,5.153,1.01,us,us7000nrnx,2024-11-14T08:11:58.040Z,"south of the Fiji Islands",earthquake,15.71,10.6,0.111,24,reviewed,us,us
2024-11-14T02:38:16.141Z,23.8706,121.6613,25.715,4.6,mwr,90,54,0.582,0.85,us,us7000nrn9,2024-11-14T19:31:10.783Z,"13 km SSE of Hualien City, Taiwan",earthquake,3.19,5.012,0.073,18,reviewed,us,us
2024-11-14T02:12:06.138Z,29.1797,130.128,60.094,4.5,mb,32,101,2.339,0.85,us,us7000nrn4,2024-11-14T02:36:05.040Z,"95 km NNE of Tatsugō, Japan",earthquake,3.78,9.823,0.121,20,reviewed,us,us
2024-11-14T00:02:13.676Z,39.9614,141.5736,77.367,4.5,mb,48,133,0.914,0.62,us,us7000nrml,2024-11-14T00:19:07.040Z,"14 km SE of Kuzumaki, Japan",earthquake,7.2,5.23,0.083,43,reviewed,us,us
2024-11-13T18:40:42.595Z,-5.0536,102.2359,19.821,4.9,mb,92,94,0.994,0.72,us,us7000nrl4,2024-11-13T20:22:26.040Z,"138 km S of Bengkulu, Indonesia",earthquake,6.69,3.664,0.071,62,reviewed,us,us
2024-11-13T16:34:09.884Z,31.9622,140.3579,89.072,4.5,mb,42,212,1.238,0.88,us,us7000nrky,2024-11-17T02:32:58.040Z,"Izu Islands, Japan region",earthquake,10.82,8.475,0.104,27,reviewed,us,us
2024-11-13T15:47:56.709Z,36.5196,70.8494,224.206,4.9,mb,88,65,2.086,0.63,us,us7000nrj9,2024-11-13T17:21:31.226Z,"38 km S of Jurm, Afghanistan",earthquake,7.4,6.859,0.044,163,reviewed,us,us
2024-11-13T10:20:35.465Z,13.8815,145.768,76.518,4.6,mb,30,140,0.921,0.81,us,us7000nrir,2024-11-13T10:54:34.608Z,"102 km ENE of Yigo Village, Guam",earthquake,5.93,8.814,0.109,25,reviewed,us,us
2024-11-13T09:07:03.162Z,60.9448,-147.3606,16.2,4.5,ml,,,,0.56,ak,ak024em2arnr,2024-11-15T08:15:17.656Z,"38 km WNW of Tatitlek, Alaska",earthquake,,0.2,,,reviewed,ak,ak
2024-11-13T05:21:50.863Z,-22.4052,170.9887,10,4.8,mb,28,200,3.282,0.87,us,us7000nrhs,2024-11-13T12:03:34.376Z,"southeast of the Loyalty Islands",earthquake,12.15,1.96,0.118,22,reviewed,us,us
2024-11-13T05:13:20.699Z,36.5438,71.1536,220.721,5.1,mb,55,62,2.218,0.65,us,us7000nrhn,2024-11-15T14:58:47.679Z,"37 km WSW of Ashkāsham, Afghanistan",earthquake,8.02,9.774,0.074,59,reviewed,us,us
2024-11-13T04:15:08.174Z,29.6985,92.2414,10,4.5,mb,30,116,6.398,0.6,us,us7000nrhe,2024-11-15T00:31:54.040Z,"110 km E of Lhasa, China",earthquake,6.62,1.915,0.102,28,reviewed,us,us
2024-11-13T01:41:08.664Z,-8.2407,107.8641,88.635,4.9,mb,56,80,0.802,0.65,us,us7000nrgq,2024-11-14T21:43:59.528Z,"102 km SSW of Singaparna, Indonesia",earthquake,6.86,6.391,0.063,80,reviewed,us,us
2024-11-13T01:29:31.011Z,-58.7095,-24.8565,19.525,5.1,mb,69,51,19.257,0.57,us,us7000nrgn,2024-11-13T05:51:05.040Z,"South Sandwich Islands region",earthquake,12.02,3.797,0.065,78,reviewed,us,us
2024-11-13T00:18:23.014Z,16.2346,-98.4411,12.648,5,mww,40,180,1.326,0.75,us,us7000nrgf,2024-11-15T15:12:35.156Z,"11 km S of Santiago Tepextla, Mexico",earthquake,10.04,3.809,0.059,28,reviewed,us,us
2024-11-13T00:07:36.477Z,53.1188,159.4094,65.189,4.5,mb,31,136,0.468,0.82,us,us7000nrge,2024-11-13T00:34:31.040Z,"52 km E of Petropavlovsk-Kamchatsky, Russia",earthquake,12.88,8.514,0.106,26,reviewed,us,us
2024-11-12T16:08:42.283Z,-1.3545,-13.2325,10,5.4,mb,298,30,6.63,0.55,us,us7000nrcp,2024-11-14T16:38:28.718Z,"north of Ascension Island",earthquake,8.74,1.776,0.034,305,reviewed,us,us
2024-11-12T14:31:59.248Z,-4.6006,152.4987,87.552,5.3,mww,221,21,0.526,0.79,us,us7000nrci,2024-11-14T17:54:53.035Z,"38 km SE of Kokopo, Papua New Guinea",earthquake,7.35,4.26,0.098,10,reviewed,us,us
2024-11-12T13:48:50.344Z,36.3155,141.2801,38.636,4.5,mb,58,137,2.487,0.53,us,us7000nrcd,2024-11-12T17:19:14.040Z,"62 km E of Ōarai, Japan",earthquake,9.05,7.721,0.079,50,reviewed,us,us
2024-11-12T09:24:26.883Z,0.5833,126.1828,17.81,5.2,mww,81,46,1.198,1.1,us,us7000nrbx,2024-11-12T09:39:46.040Z,"135 km W of Ternate, Indonesia",earthquake,6.71,4.353,0.086,13,reviewed,us,us
2024-11-12T06:26:32.196Z,-3.2155,123.4697,10.169,4.6,mb,31,89,2.269,0.72,us,us7000nrbp,2024-11-12T08:07:35.040Z,"135 km NE of Kendari, Indonesia",earthquake,3.95,5.13,0.128,18,reviewed,us,us
2024-11-12T05:59:44.532Z,-3.2606,123.3996,10,4.7,mb,31,68,2.291,0.72,us,us7000nrbk,2024-11-12T08:04:06.040Z,"126 km NE of Kendari, Indonesia",earthquake,3.27,1.897,0.127,19,reviewed,us,us
2024-11-11T23:56:24.328Z,55.7619,165.4283,10,4.9,mb,86,100,4.818,1.08,us,us7000nra5,2024-11-12T00:21:35.040Z,"191 km ESE of Ust’-Kamchatsk Staryy, Russia",earthquake,10.15,1.877,0.057,97,reviewed,us,us
2024-11-11T22:10:09.065Z,-20.4843,-177.7471,419.481,4.9,mb,103,82,4.816,0.76,us,us7000nr9k,2024-11-11T22:28:42.040Z,"265 km WNW of Houma, Tonga",earthquake,10.27,7.932,0.037,228,reviewed,us,us
2024-11-11T20:21:30.740Z,46.5685,153.8232,53.992,4.5,mb,45,138,7.175,0.67,us,us7000nr96,2024-11-11T20:53:09.040Z,"Kuril Islands",earthquake,12.52,8.254,0.083,43,reviewed,us,us
2024-11-11T13:35:30.742Z,-5.3993,125.8108,509.604,5,mb,127,26,4.17,0.92,us,us7000nr5i,2024-11-12T17:04:05.040Z,"Banda Sea",earthquake,9.57,5.944,0.043,179,reviewed,us,us
2024-11-11T11:50:57.399Z,30.8043,139.8547,187.988,4.9,mb,57,96,2.304,1.08,us,us7000nr5b,2024-11-11T12:32:37.040Z,"Izu Islands, Japan region",earthquake,8.83,7.206,0.059,90,reviewed,us,us
2024-11-11T10:16:58.633Z,20.2122,145.7557,41.918,5.6,mww,87,79,4.951,1.21,us,us7000nr4w,2024-11-12T10:19:15.587Z,"Maug Islands region, Northern Mariana Islands",earthquake,9.21,6.712,0.06,27,reviewed,us,us
2024-11-11T10:08:21.798Z,-4.9163,132.0383,24.08,4.9,mb,75,52,1.995,1.01,us,us7000nr4u,2024-11-11T10:41:44.040Z,"111 km NW of Tual, Indonesia",earthquake,6.73,3.845,0.097,57,reviewed,us,us
2024-11-11T07:14:57.929Z,-21.2294,-173.9119,10,5,mb,63,116,4.313,0.66,us,us7000nr49,2024-11-11T08:05:11.040Z,"109 km E of ‘Ohonua, Tonga",earthquake,10.01,1.862,0.073,59,reviewed,us,us
2024-11-11T05:06:27.145Z,-17.8176,167.9767,35,4.6,mb,16,201,4.422,0.55,us,us7000nr3r,2024-11-12T02:37:42.904Z,"36 km WSW of Port-Vila, Vanuatu",earthquake,13.54,1.924,0.151,13,reviewed,us,us
2024-11-11T04:02:55.746Z,-15.0663,-173.1794,10,5,mb,36,120,1.776,0.34,us,us7000nr3j,2024-11-12T06:26:31.040Z,"118 km NE of Hihifo, Tonga",earthquake,12.49,1.928,0.052,115,reviewed,us,us
2024-11-11T02:34:08.050Z,-14.8408,167.2613,123.788,4.7,mb,27,146,6.347,0.49,us,us7000nr37,2024-11-12T04:44:02.040Z,"30 km NE of Port-Olry, Vanuatu",earthquake,15.54,7.477,0.12,21,reviewed,us,us
2024-11-11T01:12:39.191Z,-6.9712,129.6563,127.087,4.9,mb,73,48,2.445,0.67,us,us7000nr2z,2024-11-12T04:20:55.040Z,"Banda Sea",earthquake,8.71,5.746,0.064,79,reviewed,us,us
2024-11-10T22:35:12.752Z,-4.9359,132.0684,10,5,mb,32,133,2.011,1.15,us,us7000nr2k,2024-11-10T22:46:40.040Z,"107 km NW of Tual, Indonesia",earthquake,3.68,1.874,0.115,24,reviewed,us,us
2024-11-10T22:10:04.756Z,-29.779,-69.4465,109.285,4.9,mb,70,40,0.596,0.99,us,us7000nr2d,2024-11-10T22:26:00.040Z,"84 km NW of San José de Jáchal, Argentina",earthquake,5.7,6.2,0.053,115,reviewed,us,us
2024-11-10T21:29:00.257Z,-4.9391,132.0305,10,4.9,mb,62,63,2.018,0.63,us,us7000nr2a,2024-11-10T22:15:47.040Z,"110 km NW of Tual, Indonesia",earthquake,6.79,1.813,0.071,62,reviewed,us,us
2024-11-10T20:55:16.326Z,48.9638,153.4229,151.442,4.5,mb,73,137,4.949,0.59,us,us7000nr26,2024-11-10T21:12:55.040Z,"272 km SW of Severo-Kuril’sk, Russia",earthquake,10.64,7.538,0.057,89,reviewed,us,us
2024-11-10T18:45:37.901Z,19.7783,-77.1332,15.315,4.6,mb,49,83,0.704,0.75,us,us7000nr1g,2024-11-17T01:49:16.556Z,"47 km SSW of Bartolomé Masó, Cuba",earthquake,4.49,4.681,0.066,69,reviewed,us,us
2024-11-10T17:53:19.081Z,-19.1,169.5187,286.66,4.6,mb,44,118,3.996,0.84,us,us7000nr10,2024-11-10T18:10:31.040Z,"54 km NNE of Isangel, Vanuatu",earthquake,11.85,8.203,0.056,95,reviewed,us,us
2024-11-10T17:23:31.685Z,-24.3444,-69.3494,95.902,4.5,mb,28,94,0.843,1.17,us,us7000nr0y,2024-11-10T17:43:22.040Z,"131 km SE of Antofagasta, Chile",earthquake,4.67,6.51,0.14,15,reviewed,us,us
2024-11-10T16:49:50.382Z,19.8116,-77.0391,14,6.8,mww,87,25,0.61,0.89,us,us7000nr0v,2024-11-17T01:36:29.648Z,"40 km SSW of Bartolomé Masó, Cuba",earthquake,2.61,1.655,0.032,94,reviewed,us,us
2024-11-10T16:28:29.547Z,-19.5596,-175.5929,217.958,4.6,mb,32,102,5.372,1.17,us,us7000nr0q,2024-11-10T16:42:56.040Z,"132 km WNW of Pangai, Tonga",earthquake,12.5,9.026,0.092,35,reviewed,us,us
2024-11-10T15:50:02.566Z,19.8523,-76.8901,14.219,5.9,mww,64,58,0.464,0.82,us,us7000nr0n,2024-11-17T01:34:18.911Z,"35 km S of Bartolomé Masó, Cuba",earthquake,3.94,5.292,0.048,41,reviewed,us,us
2024-11-10T15:46:59.031Z,-30.4474,-177.8097,36.161,5.2,mb,40,113,1.185,1.1,us,us7000nr0k,2024-11-10T16:06:43.040Z,"Kermadec Islands, New Zealand",earthquake,9.4,7.437,0.082,49,reviewed,us,us
2024-11-10T14:57:45.963Z,25.7293,143.1985,43.975,4.7,mb,27,196,1.637,0.86,us,us7000nr0g,2024-11-10T15:17:19.040Z,"Volcano Islands, Japan region",earthquake,14.33,6.858,0.101,30,reviewed,us,us
2024-11-10T09:43:23.356Z,-20.7634,-178.5388,590.905,4.9,mb,77,47,4.402,0.75,us,us7000nqzm,2024-11-10T10:00:02.040Z,"Fiji region",earthquake,12.17,8.344,0.03,352,reviewed,us,us
2024-11-10T08:27:01.372Z,-16.0484,-172.1996,10,4.9,mb,35,89,2.165,1.18,us,us7000nqz1,2024-11-10T09:10:57.040Z,"171 km E of Hihifo, Tonga",earthquake,8.93,1.856,0.114,24,reviewed,us,us
2024-11-10T05:13:22.823Z,25.6555,142.824,10,4.9,mb,60,121,1.545,1.03,us,us7000nqy6,2024-11-10T05:39:45.040Z,"Volcano Islands, Japan region",earthquake,10.29,1.892,0.06,93,reviewed,us,us
2024-11-10T00:48:32.393Z,-22.5316,-174.7861,10,4.7,mb,22,157,1.41,0.64,us,us7000nqxm,2024-11-11T04:52:50.873Z,"132 km S of ‘Ohonua, Tonga",earthquake,19.05,1.935,0.142,15,reviewed,us,us
2024-11-09T21:20:41.874Z,-4.7705,137.7972,15.891,4.9,mb,47,64,3.665,0.43,us,us7000nqx9,2024-11-11T04:00:42.040Z,"93 km NNW of Agats, Indonesia",earthquake,8.89,4.454,0.069,65,reviewed,us,us
2024-11-09T20:37:51.040Z,45.3885,98.7827,10,5,mb,65,46,5.786,0.57,us,us7000nqx5,2024-11-10T14:55:16.865Z,"175 km WSW of Bayanhongor, Mongolia",earthquake,9.57,1.873,0.046,152,reviewed,us,us
2024-11-09T19:30:18.770Z,7.4968,-82.3955,10,5.8,mww,83,135,1.945,0.69,us,us7000nqwx,2024-11-17T01:19:06.520Z,"79 km SE of Burica, Panama",earthquake,6.91,1.87,0.044,50,reviewed,us,us
2024-11-09T19:17:07.885Z,-24.2568,178.8975,536.904,4.7,mb,62,72,5.739,0.93,us,us7000nqwt,2024-11-09T19:34:58.040Z,"south of the Fiji Islands",earthquake,11.21,8.196,0.043,162,reviewed,us,us
2024-11-09T19:08:50.647Z,-8.0523,162.6312,10,4.9,mb,42,106,2.989,0.85,us,us7000nqws,2024-11-09T21:52:14.040Z,"227 km ENE of Auki, Solomon Islands",earthquake,11.06,1.861,0.054,110,reviewed,us,us
2024-11-09T18:48:57.404Z,56.3628,-34.0215,10,4.7,mb,127,67,8.798,0.67,us,us7000nqwr,2024-11-09T19:43:48.040Z,"Reykjanes Ridge",earthquake,8.9,1.839,0.04,193,reviewed,us,us
2024-11-09T15:52:15.204Z,31.081,131.3899,44.434,4.5,mb,80,104,0.909,1.07,us,us7000nqwe,2024-11-09T16:21:14.040Z,"47 km SSE of Kushima, Japan",earthquake,5.55,5.404,0.073,61,reviewed,us,us
2024-11-09T15:17:53.819Z,25.6202,142.3968,58.273,4.9,mb,102,101,1.482,0.71,us,us7000nqwb,2024-11-09T15:54:28.040Z,"Volcano Islands, Japan region",earthquake,10.06,6.801,0.054,109,reviewed,us,us
2024-11-09T14:47:24.211Z,25.2691,142.7583,52.863,4.7,mb,33,123,1.891,0.82,us,us7000nqw9,2024-11-09T15:08:22.040Z,"Volcano Islands, Japan region",earthquake,13.36,7.259,0.063,75,reviewed,us,us
2024-11-09T14:13:16.496Z,-30.2437,-177.0195,10,4.6,mb,22,139,1.253,0.45,us,us7000nqw4,2024-11-09T14:29:49.040Z,"Kermadec Islands, New Zealand",earthquake,13.49,1.923,0.123,20,reviewed,us,us
2024-11-09T13:45:33.091Z,-25.6414,-13.8292,10,5.1,mb,47,69,26.223,0.56,us,us7000nqw0,2024-11-09T14:02:29.040Z,"southern Mid-Atlantic Ridge",earthquake,8.88,1.884,0.082,49,reviewed,us,us
2024-11-09T11:04:02.567Z,7.6037,-82.485,10,4.5,mb,50,141,1.812,0.58,us,us7000nqvb,2024-11-10T05:48:02.040Z,"63 km SE of Burica, Panama",earthquake,7.69,1.92,0.094,33,reviewed,us,us
2024-11-09T10:15:46.730Z,19.6238,-65.3376,74,4.68,md,29,223,1.3247,0.36,pr,pr2024314000,2024-11-17T01:47:05.357Z,"142 km NNE of Vieques, Puerto Rico",earthquake,3.01,8.109,0.08,26,reviewed,pr,pr
2024-11-09T10:03:40.677Z,7.4811,-82.4229,10,5.6,mww,71,144,1.948,0.76,us,us7000nqv1,2024-11-17T01:18:42.159Z,"78 km SE of Burica, Panama",earthquake,7.79,1.882,0.044,49,reviewed,us,us
2024-11-09T08:22:20.177Z,-19.786,-175.3375,219.192,4.7,mb,27,101,5.154,0.99,us,us7000nquv,2024-11-09T08:38:15.040Z,"103 km W of Pangai, Tonga",earthquake,14.66,13.688,0.117,22,reviewed,us,us
2024-11-09T07:57:08.635Z,-0.9121,134.4599,59.375,4.6,mb,29,77,2.976,0.51,us,us7000nqur,2024-11-09T08:16:19.040Z,"44 km E of Manokwari, Indonesia",earthquake,8.61,7.791,0.103,28,reviewed,us,us
2024-11-09T05:00:39.929Z,32.308,142.4566,10,5,mb,69,98,2.369,0.8,us,us7000nquf,2024-11-09T05:24:59.040Z,"Izu Islands, Japan region",earthquake,7.91,1.854,0.041,196,reviewed,us,us
2024-11-09T02:53:37.947Z,1.0803,121.1367,53.481,4.9,mb,59,63,0.356,1.34,us,us7000nqtx,2024-11-09T03:12:39.040Z,"222 km WNW of Gorontalo, Indonesia",earthquake,4.84,5.936,0.076,57,reviewed,us,us
2024-11-09T01:12:44.321Z,10.1447,125.9884,81.618,4.6,mb,51,100,3.082,0.74,us,us7000nqtc,2024-11-09T01:38:38.040Z,"14 km NNW of Santa Monica, Philippines",earthquake,6.44,7.058,0.075,55,reviewed,us,us
2024-11-08T23:26:33.722Z,25.5116,143.1014,13.697,4.9,mb,43,127,1.779,1.17,us,us7000nqsv,2024-11-08T23:41:56.040Z,"Volcano Islands, Japan region",earthquake,8.1,4.556,0.09,39,reviewed,us,us
2024-11-08T20:06:05.003Z,65.3972,-134.5748,8.052,4.9,mww,263,13,1.563,0.59,us,us7000nqqx,2024-11-09T20:10:19.559Z,"275 km ENE of Dawson City, Canada",earthquake,4.58,3.648,0.075,17,reviewed,us,us
2024-11-08T19:58:45.587Z,52.9089,160.4905,47.414,4.6,mb,81,131,1.119,0.72,us,us7000nqqv,2024-11-08T20:36:54.040Z,"126 km E of Petropavlovsk-Kamchatsky, Russia",earthquake,10.22,5.546,0.06,89,reviewed,us,us
2024-11-08T18:36:50.657Z,25.0682,142.7603,25.859,4.6,mb,94,124,2.084,0.68,us,us7000nqqp,2024-11-08T22:28:12.040Z,"Volcano Islands, Japan region",earthquake,8.54,5.664,0.066,76,reviewed,us,us
2024-11-08T16:31:01.912Z,1.0959,94.396,42.881,4.6,mb,18,217,4.831,0.28,us,us7000nqn9,2024-11-08T17:17:57.040Z,"268 km SW of Sinabang, Indonesia",earthquake,10.14,6.968,0.157,13,reviewed,us,us
2024-11-08T16:23:58.155Z,-25.192,179.9105,512.241,4.5,mb,36,96,4.472,0.9,us,us7000nqmb,2024-11-08T16:37:44.040Z,"south of the Fiji Islands",earthquake,11.55,8.463,0.069,62,reviewed,us,us
2024-11-08T16:17:24.936Z,-25.1464,178.6394,577.205,4.6,mb,31,118,5.099,0.58,us,us7000nqm9,2024-11-08T16:41:21.040Z,"south of the Fiji Islands",earthquake,14.98,12.832,0.103,28,reviewed,us,us
2024-11-08T15:15:12.036Z,-28.7234,-71.5073,38.344,4.6,mb,30,99,0.643,1.08,us,us7000nqly,2024-11-08T15:29:30.040Z,"74 km WSW of Vallenar, Chile",earthquake,5.16,8.467,0.122,21,reviewed,us,us
2024-11-08T14:50:47.698Z,51.3755,-176.6414,35,4.8,mb,40,174,0.574,0.95,us,us7000nqlu,2024-11-08T18:07:21.259Z,"55 km S of Adak, Alaska",earthquake,5.88,1.945,0.035,247,reviewed,us,us
2024-11-08T14:04:01.165Z,38.5367,39.701,10,4.7,mb,41,85,1.202,0.78,us,us7000nqls,2024-11-08T14:51:35.685Z,"24 km SW of Kovancılar, Turkey",earthquake,4.17,1.459,0.11,25,reviewed,us,us
2024-11-08T11:37:57.944Z,-46.786,-76.1693,10,6.2,mww,48,195,2.471,1.06,us,us7000nql2,2024-11-09T11:44:48.478Z,"278 km WNW of Cochrane, Chile",earthquake,7.94,1.928,0.038,68,reviewed,us,us
2024-11-08T10:37:42.503Z,-1.4882,-77.4947,195.917,5.1,mww,60,64,0.53,1.12,us,us7000nqkx,2024-11-08T16:30:27.208Z,"56 km E of Puyo, Ecuador",earthquake,8.01,7.399,0.065,23,reviewed,us,us
2024-11-08T08:01:20.849Z,-4.6946,128.3521,266.72,4.5,mb,24,60,1.557,0.27,us,us7000nqkj,2024-11-08T08:25:17.040Z,"112 km S of Ambon, Indonesia",earthquake,6.98,9.305,0.135,16,reviewed,us,us
2024-11-08T07:25:16.355Z,51.3018,-178.4836,45.599,4.7,mb,49,138,0.326,0.85,us,us7000nqkc,2024-11-08T08:26:18.898Z,"143 km WSW of Adak, Alaska",earthquake,4.27,6.675,0.037,226,reviewed,us,us
2024-11-08T05:00:54.909Z,29.9346,92.3024,10,4.6,mb,42,103,6.516,0.58,us,us7000nqjm,2024-11-08T06:36:09.040Z,"120 km ENE of Lhasa, China",earthquake,10.17,1.873,0.098,31,reviewed,us,us
2024-11-08T02:53:22.940Z,-41.4541,-84.6349,10,5,mb,31,138,9.055,0.86,us,us7000nqj9,2024-11-08T03:19:04.040Z,"West Chile Rise",earthquake,13.46,1.894,0.049,132,reviewed,us,us
2024-11-08T01:17:19.591Z,25.5174,142.6689,22.218,4.6,mb,54,130,1.631,0.54,us,us7000nqj5,2024-11-08T01:39:31.040Z,"Volcano Islands, Japan region",earthquake,13.3,5.702,0.064,73,reviewed,us,us
2024-11-07T21:43:58.242Z,25.425,142.6876,10,4.6,mb,33,132,1.724,0.93,us,us7000nqi9,2024-11-07T22:41:22.040Z,"Volcano Islands, Japan region",earthquake,11.48,1.921,0.109,25,reviewed,us,us
2024-11-07T20:23:10.113Z,25.5101,142.7492,10,4.6,mb,51,123,1.658,0.65,us,us7000nqhg,2024-11-07T21:41:42.040Z,"Volcano Islands, Japan region",earthquake,11.73,1.9,0.081,45,reviewed,us,us
2024-11-07T20:11:24.533Z,25.4807,142.6476,10,4.8,mb,85,98,1.661,0.44,us,us7000nqhf,2024-11-07T21:34:29.040Z,"Volcano Islands, Japan region",earthquake,10.62,1.878,0.045,156,reviewed,us,us
2024-11-07T20:07:06.214Z,25.2754,142.6811,10,4.7,mb,70,112,1.867,0.78,us,us7000nqhd,2024-11-07T21:15:40.040Z,"Volcano Islands, Japan region",earthquake,10.94,1.901,0.074,55,reviewed,us,us
2024-11-07T20:06:29.105Z,25.2908,142.6431,10,4.5,mb,41,146,1.844,0.49,us,us7000nqhs,2024-11-07T21:24:10.040Z,"Volcano Islands, Japan region",earthquake,12.04,1.93,0.095,32,reviewed,us,us
2024-11-07T19:53:54.277Z,25.4663,142.6729,10,5.2,mww,86,116,1.681,0.74,us,us7000nqha,2024-11-07T20:14:51.040Z,"Volcano Islands, Japan region",earthquake,9.58,1.872,0.068,21,reviewed,us,us
2024-11-07T19:12:30.536Z,25.4702,142.8763,10,4.7,mb,72,66,1.734,0.67,us,us7000nqh5,2024-11-07T19:40:31.040Z,"Volcano Islands, Japan region",earthquake,9.46,1.882,0.06,84,reviewed,us,us
2024-11-07T17:07:14.271Z,-5.724,154.336,130.942,4.5,mb,30,96,2.646,0.71,us,us7000nqgq,2024-11-07T17:44:32.040Z,"143 km WNW of Panguna, Papua New Guinea",earthquake,10.79,7.882,0.113,23,reviewed,us,us
2024-11-07T16:42:04.957Z,-5.7029,154.4274,91.464,5.2,mww,54,100,2.71,0.77,us,us7000nqfp,2024-11-07T17:03:18.040Z,"135 km WNW of Panguna, Papua New Guinea",earthquake,7.36,6.862,0.071,19,reviewed,us,us
2024-11-07T15:54:10.882Z,25.5181,142.671,37.757,4.7,mb,40,143,1.631,0.52,us,us7000nqec,2024-11-07T16:25:19.040Z,"Volcano Islands, Japan region",earthquake,9.56,7.066,0.097,32,reviewed,us,us
2024-11-07T14:56:57.938Z,-24.3071,-67.9645,110.798,4.8,mb,51,56,1.363,0.9,us,us7000nqea,2024-11-07T15:11:32.040Z,"156 km S of San Pedro de Atacama, Chile",earthquake,3.75,7.351,0.037,222,reviewed,us,us
2024-11-07T12:05:20.563Z,25.6363,142.4165,29.645,4.7,mb,46,129,1.468,0.8,us,us7000nqe1,2024-11-07T13:46:23.040Z,"Volcano Islands, Japan region",earthquake,12.03,5.931,0.094,34,reviewed,us,us
2024-11-07T09:07:51.634Z,29.2849,130.6395,35,4.9,mb,48,69,2.223,0.94,us,us7000nqdq,2024-11-07T09:39:56.040Z,"105 km S of Koshima, Japan",earthquake,7.36,1.919,0.088,41,reviewed,us,us
2024-11-07T09:00:05.104Z,-56.2107,-27.275,102.654,5.1,mb,46,67,5.612,0.53,us,us7000nqdi,2024-11-07T09:19:45.040Z,"South Sandwich Islands region",earthquake,7.93,6.901,0.079,52,reviewed,us,us
2024-11-07T06:24:38.456Z,-14.757,-75.1545,54.789,5,mb,62,120,3.205,0.8,us,us7000nqcy,2024-11-16T22:50:49.805Z,"12 km SE of Changuillo, Peru",earthquake,8.99,7.342,0.037,236,reviewed,us,us
2024-11-07T04:31:33.207Z,-42.2511,74.8589,10,5.4,mww,96,18,4.911,0.54,us,us7000nqcc,2024-11-11T03:48:00.957Z,"Mid-Indian Ridge",earthquake,9.67,1.727,0.066,22,reviewed,us,us
2024-11-07T02:12:34.367Z,25.4828,142.6825,10,5,mb,56,65,1.667,0.8,us,us7000nqc3,2024-11-11T02:55:49.040Z,"Volcano Islands, Japan region",earthquake,11.06,1.861,0.07,65,reviewed,us,us
2024-11-07T01:55:31.364Z,-30.3078,-177.1614,10,5.5,mb,82,48,1.233,0.48,us,us7000nqc0,2024-11-11T00:36:56.998Z,"Kermadec Islands, New Zealand",earthquake,9.73,1.753,0.035,277,reviewed,us,us
2024-11-07T01:11:47.174Z,25.484,142.8226,10.274,5.2,mww,88,50,1.704,0.47,us,us7000nqby,2024-11-11T00:19:21.040Z,"Volcano Islands, Japan region",earthquake,9.32,3.658,0.075,17,reviewed,us,us
2024-11-06T22:55:04.063Z,25.4621,142.8479,8,5.8,mww,185,23,1.732,0.61,us,us7000nqb9,2024-11-07T23:00:14.451Z,"Volcano Islands, Japan region",earthquake,8.09,1.751,0.056,31,reviewed,us,us
2024-11-06T20:19:56.366Z,29.8251,92.1809,10,4.7,mb,78,44,6.383,0.68,us,us7000nqak,2024-11-06T21:19:46.040Z,"106 km E of Lhasa, China",earthquake,8.13,1.86,0.07,63,reviewed,us,us
2024-11-06T18:06:18.460Z,-7.4485,129.0443,129.956,4.5,mb,30,107,3.03,0.54,us,us7000nqa7,2024-11-06T20:11:14.040Z,"254 km ENE of Lospalos, Timor Leste",earthquake,9.75,7.347,0.118,21,reviewed,us,us
2024-11-06T17:19:36.448Z,23.5462,121.6662,10,5,mwr,74,58,0.904,1.11,us,us7000nqa4,2024-11-17T01:04:50.482Z,"48 km S of Hualien City, Taiwan",earthquake,3.77,1.855,0.068,21,reviewed,us,us
2024-11-06T15:55:08.401Z,-18.0569,-177.8409,434.209,5.9,mww,126,32,3.093,0.9,us,us7000nq9w,2024-11-14T20:50:47.062Z,"Fiji region",earthquake,9.28,5.104,0.054,33,reviewed,us,us
2024-11-06T15:38:47.574Z,-20.8572,-178.643,588.093,5.1,mb,140,28,4.396,0.71,us,us7000nq9t,2024-11-10T23:41:13.040Z,"Fiji region",earthquake,10.29,5.955,0.026,488,reviewed,us,us
2024-11-06T15:27:45.086Z,-11.9576,166.1371,10,4.7,mb,32,186,6.578,0.87,us,us7000nq9s,2024-11-10T23:34:10.040Z,"141 km SSE of Lata, Solomon Islands",earthquake,7.02,1.926,0.11,25,reviewed,us,us
2024-11-06T15:19:34.262Z,-33.6041,-177.6811,35,4.6,mb,22,215,4.334,0.99,us,us7000nq9q,2024-11-10T23:14:44.040Z,"south of the Kermadec Islands",earthquake,6.41,2.011,0.141,15,reviewed,us,us
2024-11-06T14:36:23.490Z,-4.7902,153.302,52.155,5.9,mww,208,20,1.281,0.57,us,us7000nq9e,2024-11-07T14:38:43.103Z,"124 km ESE of Kokopo, Papua New Guinea",earthquake,6.23,4.471,0.043,51,reviewed,us,us
2024-11-06T09:14:52.589Z,-3.3545,139.8406,94.045,4.6,mb,17,105,1.199,0.45,us,us7000nq8q,2024-11-06T10:10:04.040Z,"121 km SW of Abepura, Indonesia",earthquake,10.17,9.677,0.141,15,reviewed,us,us
2024-11-06T07:01:19.595Z,-21.3652,-68.6776,117.841,5,mb,48,43,0.678,1,us,us7000nq7d,2024-11-07T14:42:24.808Z,"46 km WSW of Ollagüe, Chile",earthquake,2.88,5.951,0.065,76,reviewed,us,us
2024-11-05T19:39:41.219Z,-12.9349,-75.1973,79.395,5.7,mww,119,59,1.862,0.85,us,us7000nq3d,2024-11-16T22:52:47.547Z,"14 km NNW of Santa Ana, Peru",earthquake,7.62,6.353,0.049,40,reviewed,us,us
2024-11-05T18:08:27.112Z,24.0815,121.8759,37.306,4.6,mb,30,66,0.742,0.75,us,us7000nq32,2024-11-06T17:43:10.505Z,"29 km ENE of Hualien City, Taiwan",earthquake,4.01,7.874,0.141,15,reviewed,us,us
2024-11-05T11:42:32.230Z,19.16,-155.51183333333,38.35,4.75,ml,60,112,0.04722,0.11,hv,hv74522742,2024-11-17T01:29:36.150Z,"5 km SW of Pāhala, Hawaii",earthquake,0.42,0.44,0.183679842231,44,reviewed,hv,hv
2024-11-05T10:06:02.413Z,49.4193,147.1684,576.681,5.3,mb,104,82,3.841,0.61,us,us7000nq1g,2024-11-05T10:22:17.040Z,"296 km E of Poronaysk, Russia",earthquake,9.34,8.005,0.026,502,reviewed,us,us
2024-11-05T09:27:45.439Z,38.784,70.2761,10,4.7,mb,38,65,0.884,0.62,us,us7000nq0j,2024-11-05T13:29:05.040Z,"27 km SSE of Novobod, Tajikistan",earthquake,4.65,1.921,0.126,19,reviewed,us,us
2024-11-05T09:03:02.996Z,38.5183,70.5238,10,4.7,mb,27,144,0.987,0.72,us,us7000nq0i,2024-11-05T13:31:43.092Z,"58 km SSE of Rasht, Tajikistan",earthquake,7.69,1.942,0.104,28,reviewed,us,us
2024-11-05T03:14:07.421Z,5.2975,-77.4477,39.391,5,mww,57,57,2.105,0.56,us,us7000npzi,2024-11-05T17:45:30.105Z,"39 km NNW of Pizarro, Colombia",earthquake,8.06,2.535,0.073,18,reviewed,us,us
2024-11-05T01:48:48.283Z,16.2706,122.229,35,4.7,mb,56,132,7.153,0.65,us,us7000npz9,2024-11-17T01:46:27.776Z,"49 km SE of Minuri, Philippines",earthquake,8.88,1.854,0.083,44,reviewed,us,us
2024-11-05T00:31:12.632Z,-20.116,-173.9599,10,5,mb,52,61,1.567,0.88,us,us7000npz0,2024-11-05T00:49:19.040Z,"53 km SE of Pangai, Tonga",earthquake,10.45,1.867,0.062,83,reviewed,us,us
2024-11-04T20:46:24.759Z,25.434,142.5729,10,4.7,mb,57,120,1.691,0.56,us,us7000npxd,2024-11-04T21:10:40.040Z,"Volcano Islands, Japan region",earthquake,10.47,1.89,0.08,48,reviewed,us,us
2024-11-04T17:51:03.866Z,-12.3355,166.7681,248.19,4.5,mb,45,68,8.508,0.48,us,us7000npwt,2024-11-04T18:07:52.040Z,"190 km NNW of Sola, Vanuatu",earthquake,12.77,8.181,0.076,51,reviewed,us,us
2024-11-04T15:10:56.088Z,35.5317,140.0284,70.646,4.6,mb,57,122,1.786,0.74,us,us7000npv8,2024-11-05T06:06:35.535Z,"5 km WNW of Ichihara, Japan",earthquake,6.53,7.003,0.087,39,reviewed,us,us
2024-11-04T15:03:53.104Z,-17.5119,-69.2447,159.209,4.5,mb,71,68,0.237,0.79,us,us7000npv7,2024-11-04T16:56:05.040Z,"81 km ENE of Palca, Peru",earthquake,7.67,5.566,0.076,50,reviewed,us,us
2024-11-04T12:49:15.878Z,-20.3254,-177.55,501.088,4.6,mb,48,100,4.816,0.7,us,us7000npuw,2024-11-05T06:40:28.040Z,"252 km WNW of Houma, Tonga",earthquake,13.22,7.937,0.075,53,reviewed,us,us
2024-11-04T08:32:26.967Z,8.0326,126.3166,10,4.9,mb,71,87,1.204,0.69,us,us7000nptx,2024-11-04T09:01:09.876Z,"10 km W of Lingig, Philippines",earthquake,8.12,1.868,0.052,119,reviewed,us,us
2024-11-04T07:57:21.349Z,56.3918,-34.0674,10,4.9,mb,90,67,8.76,0.5,us,us7000npts,2024-11-04T08:20:05.040Z,"Reykjanes Ridge",earthquake,7.89,1.821,0.037,230,reviewed,us,us
2024-11-04T03:26:05.146Z,-8.917,110.2288,103.318,4.5,mb,17,133,1.868,0.6,us,us7000npsx,2024-11-04T04:13:43.040Z,"107 km S of Bambanglipuro, Indonesia",earthquake,8.24,9.549,0.205,7,reviewed,us,us
2024-11-03T21:18:40.134Z,-19.0011,-66.918,257.722,4.7,mb,75,43,2.249,1.07,us,us7000nprz,2024-11-03T21:35:02.040Z,"19 km SW of Challapata, Bolivia",earthquake,7.73,7.159,0.033,273,reviewed,us,us
2024-11-03T19:48:44.259Z,-53.8662,2.802,10,4.9,mb,45,64,18.041,0.51,us,us7000nprm,2024-11-03T20:08:09.040Z,"Bouvet Island region",earthquake,7.76,1.746,0.086,42,reviewed,us,us
2024-11-03T19:20:49.880Z,25.4788,142.7637,10,4.7,mb,50,125,1.692,0.92,us,us7000npre,2024-11-03T19:47:50.040Z,"Volcano Islands, Japan region",earthquake,11.63,1.906,0.087,40,reviewed,us,us
2024-11-03T17:09:26.013Z,25.4153,142.4937,10,4.7,mb,45,141,1.696,0.48,us,us7000npqy,2024-11-03T17:30:56.040Z,"Volcano Islands, Japan region",earthquake,10.52,1.921,0.096,33,reviewed,us,us
2024-11-03T17:03:52.194Z,40.0979,23.2479,9,5.2,mww,107,24,0.582,0.56,us,us7000npqn,2024-11-17T01:03:43.705Z,"12 km SSW of Néa Poteídaia, Greece",earthquake,2.7,1.83,0.043,52,reviewed,us,us
2024-11-03T16:06:40.509Z,-3.415,145.8694,19.232,5,mb,32,73,5.236,0.83,us,us7000npqk,2024-11-03T16:21:50.040Z,"199 km N of Madang, Papua New Guinea",earthquake,9.99,4.973,0.094,36,reviewed,us,us
2024-11-03T15:34:55.690Z,25.4158,142.645,22.161,4.8,mb,34,121,1.723,0.59,us,us7000npqj,2024-11-03T16:24:37.040Z,"Volcano Islands, Japan region",earthquake,10.14,4.959,0.081,47,reviewed,us,us
2024-11-03T14:09:33.812Z,25.4729,142.5714,38.276,4.8,mb,35,130,1.653,0.57,us,us7000npqd,2024-11-03T14:32:36.040Z,"Volcano Islands, Japan region",earthquake,12.8,6.749,0.105,28,reviewed,us,us
2024-11-03T12:20:49.342Z,25.4098,142.5467,10,4.7,mb,59,111,1.71,0.82,us,us7000npq2,2024-11-03T13:23:54.040Z,"Volcano Islands, Japan region",earthquake,8.33,1.877,0.058,90,reviewed,us,us
2024-11-03T12:06:47.006Z,25.4573,142.5981,10,4.9,mb,69,90,1.673,1.04,us,us7000npq0,2024-11-03T13:02:39.040Z,"Volcano Islands, Japan region",earthquake,10.87,1.896,0.069,68,reviewed,us,us
2024-11-03T11:17:45.103Z,-21.5515,-178.8835,573.724,5,mb,53,97,4.762,0.76,us,us7000nppn,2024-11-03T11:33:07.040Z,"Fiji region",earthquake,12.47,8.88,0.089,40,reviewed,us,us
2024-11-03T10:56:48.534Z,51.4872,-175.6262,33,5.8,mww,121,70,0.533,0.62,us,us7000nppj,2024-11-17T11:06:57.582Z,"81 km ESE of Adak, Alaska",earthquake,4.21,1.882,0.068,21,reviewed,us,us
2024-11-03T07:57:27.764Z,-7.5123,126.7752,249.783,4.8,mb,48,51,4.302,0.64,us,us7000npp7,2024-11-03T08:15:02.040Z,"112 km NNE of Baukau, Timor Leste",earthquake,8.76,7.51,0.088,40,reviewed,us,us
2024-11-03T05:59:52.820Z,-5.4518,152.0393,50.122,4.9,mb,37,150,1.258,1.12,us,us7000npnr,2024-11-03T06:57:49.040Z,"125 km SSW of Kokopo, Papua New Guinea",earthquake,10.33,7.629,0.093,36,reviewed,us,us
2024-11-03T05:23:05.679Z,25.5322,128.8029,10,4.7,mb,39,73,1.383,0.49,us,us7000npng,2024-11-03T05:45:37.040Z,"128 km SE of Katsuren-haebaru, Japan",earthquake,5.8,1.876,0.112,24,reviewed,us,us
2024-11-03T04:04:04.620Z,-35.7026,-69.5173,189.089,5.4,mww,118,39,1.377,0.94,us,us7000npn0,2024-11-17T01:06:30.657Z,"129 km NNE of Barrancas, Argentina",earthquake,6.83,4.67,0.039,63,reviewed,us,us
2024-11-03T03:10:37.062Z,-26.4653,-11.3971,10,4.5,mb,23,77,26.183,0.96,us,us7000npmr,2024-11-05T22:13:38.040Z,"southern Mid-Atlantic Ridge",earthquake,13.51,1.894,0.122,21,reviewed,us,us
2024-11-03T01:46:11.557Z,35.2471,52.3587,35,4.6,mb,56,95,4.788,0.74,us,us7000npmi,2024-11-07T20:55:23.082Z,"4 km ENE of Īstgāh-e Rāh Āhan-e Garmsār, Iran",earthquake,8.56,1.918,0.068,65,reviewed,us,us
2024-11-03T01:28:29.555Z,-37.2505,177.4296,139.25,4.6,mb,32,49,0.764,0.88,us,us7000npmb,2024-11-03T01:49:49.040Z,"85 km N of Opotiki, New Zealand",earthquake,8.17,6.693,0.114,24,reviewed,us,us
2024-11-02T23:54:17.885Z,0.4725,126.6829,67.612,4.7,mb,38,54,0.745,0.82,us,us7000nply,2024-11-03T00:10:00.040Z,"85 km WSW of Ternate, Indonesia",earthquake,7.95,7.614,0.108,26,reviewed,us,us
2024-11-02T21:04:13.623Z,9.239,40.1035,10,4.7,mb,51,116,10.682,1.01,us,us7000npla,2024-11-03T07:57:46.770Z,"29 km NNW of Āwash, Ethiopia",earthquake,8.53,1.913,0.087,40,reviewed,us,us
2024-11-02T19:59:15.189Z,12.545,-87.9507,68.502,5.1,mww,87,142,0.92,1.11,us,us7000npl2,2024-11-02T21:25:05.881Z,"58 km WSW of Jiquilillo, Nicaragua",earthquake,5.39,5.856,0.049,40,reviewed,us,us
2024-11-02T19:28:58.609Z,25.4405,142.8273,10,4.9,mb,80,90,1.746,0.62,us,us7000npky,2024-11-02T19:52:15.040Z,"Volcano Islands, Japan region",earthquake,10.28,1.876,0.047,142,reviewed,us,us
2024-11-02T18:08:51.452Z,10.4571,-86.2296,10,4.6,mb,79,183,0.903,0.76,us,us7000npkh,2024-11-02T21:32:00.040Z,"45 km WNW of Tamarindo, Costa Rica",earthquake,5.49,1.936,0.061,83,reviewed,us,us
2024-11-02T17:18:04.504Z,-18.4405,-177.5472,551.23,4.5,mb,37,88,3.531,0.54,us,us7000npkd,2024-11-02T17:49:40.040Z,"Fiji region",earthquake,14.13,9.692,0.096,35,reviewed,us,us
2024-11-02T15:33:17.771Z,52.3777,-165.104,9.733,4.5,mb,146,83,1.695,0.43,us,us7000npjx,2024-11-02T16:28:39.040Z,"192 km SSE of Unalaska, Alaska",earthquake,5.34,3.817,0.04,192,reviewed,us,us
2024-11-02T10:19:42.455Z,-6.2562,103.6905,18.849,5.2,mb,69,61,2.02,0.88,us,us7000npiy,2024-11-02T10:53:02.022Z,"196 km WSW of Bandar Lampung, Indonesia",earthquake,7.75,4.374,0.065,79,reviewed,us,us
2024-11-02T08:33:41.320Z,-16.6769,-173.4622,63.464,4.6,mb,22,113,3.194,1.6,us,us7000npij,2024-11-03T05:39:59.040Z,"87 km SSE of Hihifo, Tonga",earthquake,10.36,8.071,0.146,14,reviewed,us,us
2024-11-02T07:42:14.530Z,-29.6606,-71.2425,68.275,5,mb,92,93,0.257,0.82,us,us7000npid,2024-11-16T22:52:23.924Z,"27 km N of La Serena, Chile",earthquake,5.07,3.493,0.031,323,reviewed,us,us
2024-11-02T06:27:32.595Z,21.227,121.029,16.672,5,mb,43,119,2.096,0.83,us,us7000nphz,2024-11-02T07:12:42.040Z,"90 km SSE of Hengchun, Taiwan",earthquake,9.68,5.68,0.068,68,reviewed,us,us
2024-11-02T05:50:52.276Z,41.5266,79.4209,10,4.7,mb,39,62,1.8,1.11,us,us7000nphu,2024-11-02T06:28:46.040Z,"81 km WNW of Aksu, China",earthquake,8.01,1.854,0.093,35,reviewed,us,us
2024-11-02T05:03:54.852Z,-17.9649,-178.4687,580.061,5.3,mb,89,41,2.54,1.05,us,us7000nphp,2024-11-05T08:09:55.040Z,"234 km E of Levuka, Fiji",earthquake,11.06,8.381,0.037,239,reviewed,us,us
2024-11-01T23:00:03.845Z,7.39,126.2387,10,4.5,mb,36,114,0.728,1.23,us,us7000npgq,2024-11-02T01:14:25.802Z,"26 km SSE of Bantacan, Philippines",earthquake,6,1.894,0.107,26,reviewed,us,us
2024-11-01T21:35:46.127Z,33.8434,86.4422,10,4.6,mb,34,90,6.106,0.85,us,us7000npga,2024-11-01T21:58:43.040Z,"western Xizang",earthquake,11.23,1.908,0.104,28,reviewed,us,us
2024-11-01T21:13:20.247Z,8.9284,40.2229,10,4.6,mb,50,246,3.654,0.66,us,us7000npg7,2024-11-02T20:51:43.987Z,"8 km SE of Āwash, Ethiopia",earthquake,14.45,1.999,0.084,42,reviewed,us,us
2024-11-01T20:01:14.785Z,36.221,70.5216,118.427,4.8,mb,170,34,2.212,0.82,us,us7000npg1,2024-11-02T15:23:39.040Z,"71 km ESE of Farkhār, Afghanistan",earthquake,8.43,5.228,0.042,175,reviewed,us,us
2024-11-01T18:55:29.365Z,8.9656,40.0827,10,4.6,mb,107,63,10.415,0.53,us,us7000npfn,2024-11-02T15:15:24.165Z,"9 km WSW of Āwash, Ethiopia",earthquake,10.19,1.867,0.056,98,reviewed,us,us
2024-11-01T17:19:13.455Z,-0.5368,125.8548,37.046,5.4,mb,235,18,1.994,0.6,us,us7000npf5,2024-11-02T17:22:30.589Z,"168 km N of Sanana, Indonesia",earthquake,5.91,4.379,0.04,214,reviewed,us,us
2024-11-01T14:16:51.139Z,35.8463,140.81,43.395,4.6,mwr,72,121,2.215,0.69,us,us7000npc6,2024-11-01T14:59:25.040Z,"12 km N of Hasaki, Japan",earthquake,7.45,5.024,0.071,19,reviewed,us,us
2024-11-01T12:12:11.036Z,25.4208,142.5134,10,4.7,mb,28,132,1.694,0.64,us,us7000npbu,2024-11-02T10:50:24.040Z,"Volcano Islands, Japan region",earthquake,10.26,1.74,0.121,21,reviewed,us,us
2024-11-01T08:48:09.601Z,-2.7306,139.4136,34.058,4.9,mb,31,73,1.306,0.91,us,us7000npbh,2024-11-01T09:07:09.040Z,"136 km W of Abepura, Indonesia",earthquake,8.85,5.356,0.092,37,reviewed,us,us
2024-11-01T08:33:54.707Z,-9.3918,108.8482,18.804,4.6,mb,25,81,2.254,0.93,us,us7000npbg,2024-11-01T08:54:48.040Z,"185 km S of Cilacap, Indonesia",earthquake,7.73,5.162,0.132,17,reviewed,us,us
2024-11-01T08:24:01.601Z,25.2909,142.669,10,4.7,mb,44,125,1.849,0.74,us,us7000npbf,2024-11-01T08:46:48.040Z,"Volcano Islands, Japan region",earthquake,11.1,1.905,0.079,49,reviewed,us,us
2024-11-01T06:53:07.319Z,-23.367,-175.58,49.599,4.9,mb,25,187,6.235,0.72,us,us7000npb8,2024-11-01T07:22:56.040Z,"233 km SSW of ‘Ohonua, Tonga",earthquake,13.23,12.219,0.122,21,reviewed,us,us
2024-11-01T05:38:14.931Z,56.3261,-34.0639,10,5.4,mww,129,35,8.803,0.75,us,us7000npb7,2024-11-02T05:41:50.996Z,"Reykjanes Ridge",earthquake,7.38,1.882,0.052,35,reviewed,us,us
2024-11-01T05:29:02.397Z,-21.1522,-67.9054,165.642,4.9,mb,61,41,1.4,1.13,us,us7000npb4,2024-11-01T05:44:06.040Z,"37 km ENE of Ollagüe, Chile",earthquake,6.44,6.826,0.061,84,reviewed,us,us
2024-11-01T05:24:10.715Z,-18.946,169.1294,229.141,4.6,mb,40,55,3.973,0.86,us,us7000npb3,2024-11-01T06:08:22.040Z,"67 km NNW of Isangel, Vanuatu",earthquake,9.82,6.805,0.061,81,reviewed,us,us
2024-11-01T04:18:52.796Z,29.2769,130.3249,41.042,4.7,mb,39,121,2.228,0.72,us,us7000npax,2024-11-01T04:48:01.040Z,"107 km S of Yudomari, Japan",earthquake,9.62,8.114,0.085,42,reviewed,us,us
2024-11-01T03:00:55.707Z,4.3721,98.1944,10,4.5,mb,21,55,1.506,0.8,us,us7000npai,2024-11-01T21:08:10.040Z,"27 km ESE of Langsa, Indonesia",earthquake,5.71,1.871,0.15,13,reviewed,us,us
2024-11-01T01:25:08.782Z,17.2562,-101.0161,25.521,4.6,mb,40,211,2.359,1.04,us,us7000npa7,2024-11-04T14:38:48.040Z,"8 km SSE of Papanoa, Mexico",earthquake,10.38,8.371,0.051,116,reviewed,us,us
2024-10-31T22:32:58.124Z,-21.1128,-178.7634,586.556,4.5,mb,44,81,4.5,0.55,us,us7000np9p,2024-11-01T00:23:43.040Z,"Fiji region",earthquake,13.04,7.294,0.072,56,reviewed,us,us
2024-10-31T22:24:42.835Z,-19.9447,66.2801,10,5.1,mww,68,55,2.746,0.72,us,us7000np9n,2024-11-01T00:04:09.040Z,"Mauritius - Reunion region",earthquake,4.3,1.764,0.08,15,reviewed,us,us
2024-10-31T20:51:59.452Z,43.8955,149.117,10,5.2,mb,81,135,4.711,0.89,us,us7000np96,2024-10-31T21:22:10.040Z,"177 km SSE of Kuril’sk, Russia",earthquake,10.56,1.885,0.04,209,reviewed,us,us
2024-10-31T20:20:40.540Z,-10.04,151.7835,10,4.7,mb,33,91,4.602,0.69,us,us7000np90,2024-11-01T21:01:39.662Z,"138 km ENE of Samarai, Papua New Guinea",earthquake,7.59,1.892,0.111,25,reviewed,us,us
2024-10-31T17:46:28.610Z,-6.937,155.4395,50.582,5.3,mww,79,34,4.251,0.6,us,us7000np8b,2024-10-31T18:05:18.040Z,"68 km S of Panguna, Papua New Guinea",earthquake,8.13,5.207,0.075,17,reviewed,us,us
2024-10-31T16:18:16.120Z,23.5714,121.5974,10,5.2,mb,54,45,0.889,0.99,us,us7000np7y,2024-11-01T11:44:09.690Z,"44 km S of Hualien City, Taiwan",earthquake,5.26,1.852,0.054,112,reviewed,us,us
2024-10-31T13:12:53.977Z,42.9556,145.4577,93.417,4.5,mb,22,142,1.944,1.04,us,us7000np6i,2024-10-31T14:22:24.040Z,"41 km SSW of Nemuro, Japan",earthquake,10.06,8.116,0.125,19,reviewed,us,us
2024-10-31T08:52:51.771Z,-49.9162,126.9749,10.903,4.7,mb,30,112,15.656,0.62,us,us7000np5x,2024-10-31T09:09:31.040Z,"western Indian-Antarctic Ridge",earthquake,13.26,5.047,0.104,28,reviewed,us,us
2024-10-31T06:02:23.926Z,-18.8898,-177.9106,503.106,5.1,mb,75,74,3.532,0.66,us,us7000np5i,2024-10-31T06:16:25.040Z,"Fiji region",earthquake,13.54,7.946,0.094,37,reviewed,us,us
2024-10-31T05:44:44.881Z,-48.8984,121.3782,10,5.2,mww,53,65,16.254,0.48,us,us7000np5g,2024-10-31T06:09:00.040Z,"western Indian-Antarctic Ridge",earthquake,11.17,1.881,0.093,11,reviewed,us,us
2024-10-31T05:21:48.005Z,-14.9999,-71.867,126.559,4.5,mb,26,152,3.447,0.77,us,us7000np5a,2024-10-31T06:34:24.040Z,"39 km SSE of Cayarani, Peru",earthquake,13.7,9.396,0.089,37,reviewed,us,us
2024-10-31T05:15:53.433Z,52.3009,159.6162,55.148,4.8,mb,59,125,0.933,0.86,us,us7000np59,2024-10-31T05:32:59.040Z,"107 km SE of Vilyuchinsk, Russia",earthquake,9.94,7.12,0.075,55,reviewed,us,us
2024-10-31T02:56:40.767Z,-22.962,-179.8161,567.499,4.5,mb,28,126,5.562,0.81,us,us7000np4w,2024-10-31T03:15:52.040Z,"south of the Fiji Islands",earthquake,15.37,10.518,0.1,29,reviewed,us,us
2024-10-30T23:47:24.357Z,4.6878,127.4965,120.687,4.6,mb,51,107,3.039,0.69,us,us7000np45,2024-10-31T00:03:03.040Z,"235 km SE of Pondaguitan, Philippines",earthquake,9.35,5.902,0.078,49,reviewed,us,us
2024-10-30T21:39:07.062Z,19.0488,121.2583,10,4.7,mb,74,114,3.754,0.62,us,us7000np3w,2024-10-30T21:59:11.040Z,"49 km NNE of Namuac, Philippines",earthquake,9.56,1.777,0.064,73,reviewed,us,us
2024-10-30T20:15:19.955Z,43.544,-127.7993,10,6,mww,95,97,2.73,1.06,us,us7000np33,2024-11-17T01:29:13.455Z,"279 km W of Bandon, Oregon",earthquake,10.58,1.877,0.036,73,reviewed,us,us
2024-10-30T18:49:50.663Z,-11.5147,166.0534,86.836,4.5,mb,38,98,6.349,1.07,us,us7000np2k,2024-10-30T21:29:11.040Z,"91 km SSE of Lata, Solomon Islands",earthquake,11.86,7.226,0.094,33,reviewed,us,us
2024-10-30T13:03:54.109Z,6.4711,126.7558,112.978,4.6,mb,45,118,1.311,0.53,us,us7000np03,2024-10-30T18:14:43.040Z,"64 km SE of Bobon, Philippines",earthquake,10.71,6.205,0.094,35,reviewed,us,us
2024-10-30T12:18:52.635Z,-4.4502,150.0872,521.212,6,mww,97,19,2.086,0.84,us,us7000nnz9,2024-10-31T17:46:44.040Z,"121 km N of Kimbe, Papua New Guinea",earthquake,7.86,7.895,0.052,36,reviewed,us,us
2024-10-30T11:43:21.501Z,-24.2892,-67.128,196.121,4.9,mb,36,62,1.643,0.8,us,us7000nnz6,2024-11-17T01:45:25.525Z,"82 km W of San Antonio de los Cobres, Argentina",earthquake,10.15,8.628,0.081,47,reviewed,us,us
2024-10-30T08:59:09.119Z,-25.2279,-178.7697,387.282,4.9,mb,41,114,4.071,1.27,us,us7000nnyz,2024-10-30T09:16:42.040Z,"south of the Fiji Islands",earthquake,13.21,10.078,0.096,34,reviewed,us,us
2024-10-30T06:14:26.486Z,36.0975,139.7772,74.849,4.7,mb,25,128,1.342,0.47,us,us7000nnyg,2024-10-30T15:37:44.818Z,"2 km W of Sakai, Japan",earthquake,6.88,9.468,0.183,9,reviewed,us,us
2024-10-30T02:38:18.393Z,-1.5546,123.4017,10,4.5,mb,15,103,0.81,0.55,us,us7000nnxr,2024-10-31T02:01:26.040Z,"95 km SE of Luwuk, Indonesia",earthquake,5.9,1.928,0.18,9,reviewed,us,us
2024-10-30T02:18:42.114Z,38.263,74.1587,131.447,4.5,mb,54,206,3.805,0.6,us,us7000nnxq,2024-10-31T01:42:52.040Z,"19 km ENE of Murghob, Tajikistan",earthquake,10.14,10.271,0.085,40,reviewed,us,us
2024-10-29T23:44:31.261Z,-26.305,71.5562,10,4.7,mb,26,81,40.953,0.8,us,us7000ns1e,2024-11-17T04:44:16.040Z,"Mid-Indian Ridge",earthquake,14.21,1.859,0.123,20,reviewed,us,us
2024-10-29T21:49:16.763Z,7.3345,-71.8717,10,4.7,mb,36,126,1.871,0.61,us,us7000nnx8,2024-10-29T22:29:00.040Z,"44 km NE of Cubará, Colombia",earthquake,5.33,1.915,0.063,77,reviewed,us,us
2024-10-29T18:46:45.382Z,-12.337,-14.757,10,5,mb,40,108,4.394,0.56,us,us7000nnwd,2024-10-29T19:10:56.040Z,"southern Mid-Atlantic Ridge",earthquake,14.33,1.902,0.093,37,reviewed,us,us
2024-10-29T18:44:26.491Z,-13.0812,166.3824,43.724,4.5,mb,24,130,7.276,1.21,us,us7000nnwb,2024-10-29T19:49:31.040Z,"154 km NW of Sola, Vanuatu",earthquake,11.24,7.027,0.125,19,reviewed,us,us
2024-10-29T17:32:51.709Z,-59.6938,-27.3994,152.712,5.1,mb,115,70,15.523,0.63,us,us7000nnvq,2024-10-29T17:50:42.040Z,"South Sandwich Islands region",earthquake,10.99,6.785,0.055,113,reviewed,us,us
2024-10-29T16:43:26.840Z,33.3574,30.0546,10,4.5,mb,65,72,2.892,0.77,us,us7000nnvc,2024-10-31T13:36:55.104Z,"219 km N of Rosetta, Egypt",earthquake,6.69,1.88,0.073,63,reviewed,us,us
2024-10-29T16:16:32.705Z,-19.7509,-176.9532,332.484,4.9,mb,105,121,4.777,0.84,us,us7000nnv7,2024-10-31T21:45:02.040Z,"233 km NW of Houma, Tonga",earthquake,10.73,5.761,0.037,241,reviewed,us,us
2024-10-29T16:00:32.105Z,-54.7514,159.0141,17.571,4.7,mb,24,179,0.257,0.38,us,us7000nnv3,2024-10-29T16:46:32.040Z,"Macquarie Island region",earthquake,9.22,4.772,0.126,19,reviewed,us,us
2024-10-29T13:01:42.026Z,-28.7028,-176.8544,42.581,4.8,mb,39,75,1.086,0.78,us,us7000nnsw,2024-10-29T17:05:17.040Z,"Kermadec Islands region",earthquake,9.61,6.943,0.094,42,reviewed,us,us
2024-10-29T12:13:57.708Z,51.7846,157.9069,86.383,4.9,mb,110,118,1.322,0.54,us,us7000nnss,2024-10-29T12:42:53.040Z,"102 km ENE of Ozernovskiy, Russia",earthquake,7.52,4.039,0.03,360,reviewed,us,us
2024-10-29T08:32:45.448Z,-18.1107,-178.157,562.438,5.2,mb,61,42,2.867,1.03,us,us7000nnsg,2024-10-29T08:47:50.040Z,"267 km E of Levuka, Fiji",earthquake,11.16,8.306,0.08,52,reviewed,us,us
2024-10-29T07:45:30.133Z,11.6964,142.2991,16.587,4.9,mb,51,52,3.135,0.67,us,us7000nns7,2024-10-29T08:34:10.040Z,"288 km NE of Fais, Micronesia",earthquake,9.6,4.367,0.061,85,reviewed,us,us
2024-10-29T06:13:05.339Z,-18.6545,169.5019,283.213,5,mb,47,78,4.383,0.66,us,us7000nnrv,2024-10-29T06:37:18.040Z,"100 km NNE of Isangel, Vanuatu",earthquake,11.43,8.821,0.039,210,reviewed,us,us
2024-10-29T04:27:10.553Z,-2.9538,129.6923,10,4.8,mb,45,58,1.572,0.81,us,us7000nnr7,2024-10-30T02:15:49.040Z,"88 km ENE of Masohi, Indonesia",earthquake,2.68,1.858,0.088,40,reviewed,us,us
2024-10-29T02:35:27.930Z,4.7184,96.2377,42.117,4.6,mb,27,91,0.87,0.55,us,us7000nnqs,2024-10-29T03:36:02.040Z,"55 km S of Reuleuet, Indonesia",earthquake,5.1,8.273,0.146,14,reviewed,us,us
2024-10-28T22:33:55.344Z,-26.0045,179.9629,489.115,4.8,mb,62,70,3.73,1.15,us,us7000nnpu,2024-10-28T22:49:08.040Z,"south of the Fiji Islands",earthquake,12.82,8.401,0.091,37,reviewed,us,us
2024-10-28T20:49:39.629Z,-14.3151,167.3755,148.028,4.5,mb,39,161,6.866,0.76,us,us7000nnpf,2024-11-17T14:35:18.040Z,"52 km SSW of Sola, Vanuatu",earthquake,8.67,7.024,0.099,30,reviewed,us,us
2024-10-28T14:35:01.535Z,-10.9909,164.2936,10,4.7,mb,51,120,4.548,0.82,us,us7000nnn1,2024-11-17T16:36:07.040Z,"167 km W of Lata, Solomon Islands",earthquake,5.3,1.868,0.082,45,reviewed,us,us
2024-10-28T13:08:36.561Z,27.8841,94.0163,10,4.7,mb,57,98,6.699,0.61,us,us7000nnml,2024-11-17T16:11:15.173Z,"36 km NNE of Ziro, India",earthquake,9.78,1.891,0.076,52,reviewed,us,us
2024-10-28T13:07:11.065Z,1.5367,97.0761,37.266,4.8,mb,49,112,0.55,0.58,us,us7000nnmk,2024-11-17T15:36:21.040Z,"65 km WNW of Gunungsitoli, Indonesia",earthquake,7.71,3.767,0.096,34,reviewed,us,us
2024-10-28T08:33:36.748Z,-2.7165,151.5955,10,4.7,mb,30,83,1.571,0.4,us,us7000nnll,2024-10-29T08:43:12.040Z,"90 km E of Kavieng, Papua New Guinea",earthquake,7.14,1.832,0.104,28,reviewed,us,us
2024-10-28T07:53:31.113Z,43.4924,83.59,10,4.5,mb,56,97,2.996,0.65,us,us7000nnlg,2024-10-29T12:12:26.040Z,"28 km ENE of Xinyuan, China",earthquake,8.24,1.896,0.089,37,reviewed,us,us
2024-10-28T07:08:41.228Z,7.0011,-76.847,36.065,4.5,mb,103,83,1.537,0.52,us,us7000nnla,2024-10-29T06:56:33.040Z,"3 km NW of Murindó, Colombia",earthquake,5.88,7.478,0.052,110,reviewed,us,us
2024-10-28T05:40:29.307Z,1.8402,126.8486,107.757,4.6,mb,62,74,1.181,0.86,us,us7000nnkx,2024-10-28T07:00:38.040Z,"129 km W of Tobelo, Indonesia",earthquake,7.72,5.307,0.076,52,reviewed,us,us
2024-10-28T03:01:16.311Z,10.5846,-86.0658,43.977,4.7,mb,86,135,1.133,0.49,us,us7000nnk5,2024-10-28T04:27:36.040Z,"40 km NW of Tamarindo, Costa Rica",earthquake,3.95,9.291,0.046,144,reviewed,us,us
2024-10-28T02:46:25.197Z,-25.9186,179.8509,481.253,5,mb,98,44,3.855,0.77,us,us7000nnjz,2024-10-28T17:45:14.385Z,"south of the Fiji Islands",earthquake,10.06,6.19,0.033,299,reviewed,us,us
2024-10-28T02:02:57.639Z,-7.1143,125.7699,473.806,4.8,mb,76,45,3.812,0.62,us,us7000nnjr,2024-10-28T02:51:07.813Z,"156 km N of Metinaro, Timor Leste",earthquake,9.41,6.445,0.068,67,reviewed,us,us
2024-10-28T00:14:44.985Z,4.9065,-82.6777,10,4.9,mww,43,152,3.539,1.03,us,us7000nnja,2024-10-28T00:29:08.040Z,"south of Panama",earthquake,11.14,1.95,0.063,24,reviewed,us,us
2024-10-27T22:06:33.387Z,-17.8848,-178.1657,621.325,4.9,mb,96,55,2.74,0.87,us,us7000nnix,2024-10-27T22:24:54.040Z,"267 km E of Levuka, Fiji",earthquake,10.83,7.958,0.031,331,reviewed,us,us
2024-10-27T21:16:14.227Z,-22.0233,-68.6679,130.716,4.7,mb,43,62,0.579,1.14,us,us7000nnit,2024-10-27T21:34:12.040Z,"54 km NNE of Calama, Chile",earthquake,6.2,5.242,0.1,30,reviewed,us,us
2024-10-27T20:58:16.601Z,-1.9279,137.4524,10,4.7,mww,31,72,3.3,0.82,us,us7000nniq,2024-11-16T14:53:59.040Z,"173 km ESE of Biak, Indonesia",earthquake,9.48,1.868,0.089,12,reviewed,us,us
2024-10-27T17:07:10.380Z,37.6331,36.0114,10,4.9,mww,96,56,0.27,0.74,us,us7000nni1,2024-11-16T14:39:26.932Z,"21 km SSE of Feke, Turkey",earthquake,4.32,1.859,0.061,26,reviewed,us,us
2024-10-27T15:56:21.504Z,5.7602,126.6937,10.286,4.6,mb,28,185,1.709,0.91,us,us7000nnhw,2024-10-30T07:26:34.461Z,"87 km SE of Pondaguitan, Philippines",earthquake,10.31,5.735,0.129,21,reviewed,us,us
2024-10-27T13:35:07.279Z,-1.1095,127.3703,35,4.8,mb,50,83,1.869,0.6,us,us7000nnhg,2024-11-16T20:59:27.040Z,"54 km SSW of Labuha, Indonesia",earthquake,6.38,1.903,0.072,63,reviewed,us,us
2024-10-27T13:32:38.958Z,-1.0864,127.2759,34.57,4.6,mb,41,86,1.848,0.9,us,us7000nnhf,2024-11-16T20:53:47.040Z,"55 km SSW of Labuha, Indonesia",earthquake,4.6,6.053,0.105,31,reviewed,us,us
2024-10-27T13:13:03.503Z,-32.1744,-178.0717,10,4.7,mb,20,152,2.906,0.74,us,us7000nrsl,2024-11-16T20:48:12.040Z,"south of the Kermadec Islands",earthquake,13.31,1.933,0.142,17,reviewed,us,us
2024-10-27T12:05:23.379Z,38.8445,91.7033,10,4.5,mb,15,264,10.25,0.92,us,us7000nrsx,2024-11-16T13:27:42.040Z,"193 km SSE of Luobupo, China",earthquake,14.8,1.998,0.222,6,reviewed,us,us
2024-10-27T10:21:45.190Z,23.9798,121.6563,30.631,5,mb,65,47,0.201,1.12,us,us7000nngq,2024-11-15T11:21:40.148Z,"5 km E of Hualien City, Taiwan",earthquake,3.44,4.671,0.06,90,reviewed,us,us
2024-10-27T09:50:12.985Z,-23.472,-67.6575,145.309,4.9,mww,53,44,0.706,1.36,us,us7000nngm,2024-11-15T11:32:40.040Z,"83 km SE of San Pedro de Atacama, Chile",earthquake,8.32,5.243,0.075,17,reviewed,us,us
2024-10-27T04:49:49.007Z,54.6412,160.5356,90.891,5.2,mb,92,59,1.969,0.81,us,us7000nnff,2024-11-15T00:27:22.040Z,"121 km SSE of Atlasovo, Russia",earthquake,9.88,6.115,0.022,676,reviewed,us,us
2024-10-27T00:31:15.345Z,23.8912,-46.3543,10,5,mb,110,127,15.696,0.73,us,us7000nneu,2024-10-27T00:49:47.040Z,"northern Mid-Atlantic Ridge",earthquake,6.9,1.868,0.038,216,reviewed,us,us
2024-10-26T15:52:03.526Z,2.1685,121.7549,557.563,4.6,mb,39,79,1.432,1.01,us,us7000nnck,2024-10-26T16:13:23.040Z,"231 km NW of Gorontalo, Indonesia",earthquake,12.99,9.202,0.097,32,reviewed,us,us
2024-10-26T14:21:55.944Z,-8.4236,119.858,179.386,4.6,mb,51,69,2.363,1.14,us,us7000nnc7,2024-11-16T20:35:53.040Z,"8 km NNW of Labuan Bajo, Indonesia",earthquake,8.46,4.958,0.08,47,reviewed,us,us
2024-10-26T12:56:21.744Z,-7.0352,129.1733,185.31,4.6,mb,49,79,2.6,0.59,us,us7000nnbu,2024-10-26T13:19:45.040Z,"290 km NE of Lospalos, Timor Leste",earthquake,7.59,7.439,0.079,47,reviewed,us,us
2024-10-26T12:22:02.675Z,9.0865,39.9241,10,4.8,mb,76,100,3.764,0.75,us,us7000nnhu,2024-10-27T16:17:20.186Z,"20 km N of Metahāra, Ethiopia",earthquake,10.91,1.897,0.071,62,reviewed,us,us
2024-10-26T12:21:38.880Z,9.0948,39.919,10,4.7,mb,59,92,3.762,0.72,us,us7000nnhs,2024-10-27T16:17:37.211Z,"21 km N of Metahāra, Ethiopia",earthquake,7.83,1.879,0.077,51,reviewed,us,us
2024-10-26T08:35:57.316Z,40.941,84.0086,10,5.1,mb,100,76,4.123,0.57,us,us7000nnak,2024-10-26T08:52:09.040Z,"124 km SE of Kuqa, China",earthquake,9.03,1.866,0.046,152,reviewed,us,us
2024-10-26T07:23:56.000Z,-50.2584,69.3776,10,5.2,mb,53,68,1.057,0.7,us,us7000nnai,2024-10-26T08:19:03.597Z,"117 km SSW of Port-aux-Français, French Southern Territories",earthquake,7.62,1.873,0.078,54,reviewed,us,us
2024-10-26T01:21:57.916Z,12.6601,-88.114,60.411,4.8,mb,53,135,0.829,0.94,us,us7000nn9u,2024-11-14T21:48:23.152Z,"59 km S of Intipucá, El Salvador",earthquake,5.29,7.638,0.028,390,reviewed,us,us
2024-10-25T21:55:37.423Z,7.6813,-82.2226,30.712,4.7,mb,85,148,1.306,1,us,us7000nn8v,2024-10-25T22:21:50.040Z,"59 km S of Boca Chica, Panama",earthquake,7.03,4.6,0.067,67,reviewed,us,us
2024-10-25T21:20:23.221Z,35.7799,139.3177,74.256,4.5,mb,27,134,1.176,0.42,us,us7000nn8r,2024-10-26T05:21:08.566Z,"1 km N of Hamura, Japan",earthquake,7.04,8.794,0.15,13,reviewed,us,us
2024-10-25T16:04:12.597Z,30.6919,141.5428,45.852,4.7,mb,32,118,3.627,0.63,us,us7000nrkj,2024-11-16T20:20:31.040Z,"Izu Islands, Japan region",earthquake,6.88,7.423,0.124,20,reviewed,us,us
2024-10-25T15:04:23.620Z,36.5508333,-117.056,4.58,4.54,ml,34,147,0.5094,0.16,ci,ci40964384,2024-11-16T20:12:30.928Z,"10 km SE of Stovepipe Wells, CA",earthquake,0.26,31.61,0.109,15,reviewed,ci,ci
2024-10-25T14:46:23.875Z,14.0965,-92.6547,17,5.8,mww,119,64,1.093,1.08,us,us7000nn6t,2024-11-15T12:25:04.602Z,"67 km SW of Brisas Barra de Suchiate, Mexico",earthquake,5.82,1.811,0.052,35,reviewed,us,us
2024-10-25T14:01:26.496Z,-19.3162,-172.9656,10,5.7,mww,29,87,2.881,0.77,us,us7000nn5q,2024-11-16T09:27:45.635Z,"130 km SE of Neiafu, Tonga",earthquake,11.82,1.926,0.065,23,reviewed,us,us
2024-10-25T11:17:06.791Z,37.033,142.0607,35,4.7,mb,36,125,3.13,0.69,us,us7000nn3x,2024-11-16T13:08:25.040Z,"98 km ESE of Tomioka, Japan",earthquake,9.23,1.928,0.111,25,reviewed,us,us
2024-10-25T08:05:08.290Z,36.6016667,-117.0911667,3.98,4.72,mw,35,146,0.3829,0.17,ci,ci40964128,2024-11-14T21:03:26.585Z,"5 km E of Stovepipe Wells, CA",earthquake,0.31,31.61,,6,reviewed,ci,ci
2024-10-25T06:57:27.016Z,-28.0895,63.0502,10,4.5,mb,27,72,9.571,0.42,us,us7000nrk7,2024-11-14T10:21:24.040Z,"Southwest Indian Ridge",earthquake,10.97,1.874,0.124,19,reviewed,us,us
2024-10-25T06:31:50.960Z,43.2803,146.5994,82.02,4.9,mb,59,169,2.837,0.6,us,us7000nn2q,2024-11-16T13:00:53.040Z,"58 km S of Shikotan, Russia",earthquake,10.16,8.206,0.047,139,reviewed,us,us
2024-10-25T05:38:05.010Z,-21.6881,-68.4286,118.528,5,mww,82,43,0.764,0.9,us,us7000nn2i,2024-11-16T12:01:17.354Z,"54 km SSW of Ollagüe, Chile",earthquake,6.76,5.723,0.055,32,reviewed,us,us
2024-10-25T05:04:32.499Z,-6.1825,154.5368,407.902,4.5,mb,52,125,3.082,0.47,us,us7000nn2f,2024-11-16T11:48:14.040Z,"105 km W of Panguna, Papua New Guinea",earthquake,12.68,8.004,0.06,81,reviewed,us,us
2024-10-25T02:12:23.882Z,31.9198,141.6628,10,4.6,mb,60,121,1.965,0.57,us,us7000nn1v,2024-11-14T04:25:06.040Z,"Izu Islands, Japan region",earthquake,7.85,1.869,0.073,60,reviewed,us,us
2024-10-25T00:00:31.838Z,-5.2869,151.6952,57.51,5.1,mb,86,32,1.028,0.54,us,us7000nn1g,2024-11-14T03:29:19.040Z,"122 km SSW of Kokopo, Papua New Guinea",earthquake,9.78,4.827,0.053,116,reviewed,us,us
2024-10-24T23:28:20.209Z,-16.1624,-173.9621,95.185,5.3,mww,105,44,3.075,0.6,us,us7000nn19,2024-11-14T03:00:54.998Z,"29 km SW of Hihifo, Tonga",earthquake,8.38,4.105,0.08,15,reviewed,us,us
2024-10-24T21:13:20.620Z,54.8715,-118.6726,10,4.5,mb,84,36,0.684,0.64,us,us7000nn0c,2024-11-14T01:58:33.835Z,"33 km SSE of Grande Prairie, Canada",earthquake,5.33,1.895,0.042,169,reviewed,us,us
2024-10-24T20:31:59.106Z,5.4511,-78.3798,10,4.6,mb,60,121,2.93,0.76,us,us7000nmzv,2024-11-16T14:35:12.040Z,"125 km WNW of Pizarro, Colombia",earthquake,7.08,1.9,0.084,43,reviewed,us,us
2024-10-24T19:32:35.574Z,-31.2237,-179.9248,340.82,5,mb,69,75,2.614,0.75,us,us7000nmzf,2024-11-16T14:32:52.040Z,"Kermadec Islands region",earthquake,11.46,7.479,0.038,225,reviewed,us,us
2024-10-24T19:23:15.460Z,-17.5015,-70.7012,114.966,4.9,mb,47,129,0.93,0.99,us,us7000nmzd,2024-11-16T14:29:12.961Z,"13 km NNE of Locumba, Peru",earthquake,6.95,6.21,0.069,66,reviewed,us,us
2024-10-24T18:52:10.287Z,-5.0842,152.1733,62.847,5.1,mb,64,62,0.887,0.65,us,us7000nmz2,2024-11-16T14:19:18.040Z,"82 km S of Kokopo, Papua New Guinea",earthquake,8.6,6.643,0.037,240,reviewed,us,us
2024-10-24T17:51:27.678Z,25.4971,142.6492,10,5.1,mww,101,68,1.646,1.04,us,us7000nmyu,2024-11-16T14:16:46.794Z,"Volcano Islands, Japan region",earthquake,9.11,1.861,0.073,18,reviewed,us,us
2024-10-24T17:39:27.412Z,-21.7259,-67.2722,184.712,4.8,mb,43,68,1.481,0.9,us,us7000nmyt,2024-11-16T13:56:36.040Z,"115 km ESE of Ollagüe, Chile",earthquake,8.05,7.675,0.082,46,reviewed,us,us
2024-10-24T17:22:42.347Z,-2.3402,134.2639,20.608,5,mb,55,62,2.093,0.5,us,us7000nmyq,2024-11-16T13:51:09.040Z,"86 km ESE of Bintuni, Indonesia",earthquake,8.14,5.195,0.065,76,reviewed,us,us
2024-10-24T16:42:41.858Z,-10.1334,160.9825,10,4.5,mb,25,112,1.232,0.55,us,us7000nmym,2024-11-16T20:04:45.040Z,"108 km WNW of Kirakira, Solomon Islands",earthquake,9.85,1.903,0.124,22,reviewed,us,us
2024-10-24T14:33:36.639Z,3.1075,128.2465,85.428,4.6,mb,30,119,2.481,0.96,us,us7000nre9,2024-11-16T18:25:48.040Z,"154 km N of Tobelo, Indonesia",earthquake,12.58,9.547,0.103,28,reviewed,us,us
2024-10-24T11:45:38.989Z,-28.649,-71.6233,31.392,5,mb,56,141,0.656,0.82,us,us7000nmum,2024-10-24T12:05:25.040Z,"84 km W of Vallenar, Chile",earthquake,5.32,5.101,0.049,134,reviewed,us,us
2024-10-24T07:14:29.472Z,52.2028,-170.4575,35,5,mww,180,133,0.674,1.29,us,us7000nmtw,2024-11-15T07:24:38.968Z,"135 km SW of Nikolski, Alaska",earthquake,3.14,1.898,0.08,15,reviewed,us,us
2024-10-24T05:21:39.230Z,14.8593,53.2533,10,4.6,mb,47,146,10.409,0.84,us,us7000nmta,2024-11-14T08:21:58.040Z,"188 km SE of Al Ghayz̧ah, Yemen",earthquake,11.98,1.95,0.084,42,reviewed,us,us
2024-10-24T04:30:51.001Z,-42.0085,80.0152,10,5.7,mww,46,53,27.281,0.73,us,us7000nmsy,2024-10-29T10:13:36.040Z,"Mid-Indian Ridge",earthquake,11.84,1.84,0.08,15,reviewed,us,us
2024-10-24T04:30:00.309Z,-41.8336,79.7972,10,5,mb,26,148,27.411,0.68,us,us7000nmsx,2024-10-24T04:50:42.040Z,"Mid-Indian Ridge",earthquake,11.17,1.887,0.12,22,reviewed,us,us
2024-10-24T00:38:44.840Z,28.6659,52.1336,10,4.8,mb,67,51,5.192,0.61,us,us7000nms2,2024-10-24T00:51:05.040Z,"47 km WSW of Fīrūzābād, Iran",earthquake,6.32,1.894,0.055,102,reviewed,us,us
2024-10-23T22:36:00.656Z,-24.3221,-67.0919,180.323,4.5,mb,31,75,1.689,0.85,us,us7000nmrh,2024-10-23T22:59:46.040Z,"79 km W of San Antonio de los Cobres, Argentina",earthquake,9.3,7.478,0.124,19,reviewed,us,us
2024-10-23T21:30:10.973Z,-27.8215,-176.6164,10,5.1,mb,71,69,1.829,0.95,us,us7000nmra,2024-10-23T22:00:18.040Z,"Kermadec Islands region",earthquake,9.76,1.54,0.052,120,reviewed,us,us
2024-10-23T20:02:44.453Z,-16.4679,-172.1624,10,4.6,mb,36,124,2.571,0.76,us,us7000nrd9,2024-11-12T20:42:28.040Z,"183 km ESE of Hihifo, Tonga",earthquake,12.93,1.828,0.094,34,reviewed,us,us
2024-10-23T19:20:54.336Z,-17.8318,-174.9004,230.38,4.9,mb,32,66,4.675,0.76,us,us7000nmqr,2024-11-12T20:13:41.040Z,"132 km NW of Neiafu, Tonga",earthquake,10.61,6.623,0.095,35,reviewed,us,us
2024-10-23T18:19:50.019Z,25.3686,142.7449,10,4.6,mb,49,129,1.792,0.73,us,us7000nrdd,2024-11-12T19:36:56.040Z,"Volcano Islands, Japan region",earthquake,11.02,1.902,0.083,43,reviewed,us,us
2024-10-23T14:38:05.139Z,49.401,155.6979,48.564,6.2,mww,203,38,3.919,0.86,us,us7000nmlt,2024-10-25T16:54:32.040Z,"145 km SSW of Severo-Kuril’sk, Russia",earthquake,7.91,6.165,0.037,69,reviewed,us,us
2024-10-23T13:45:18.377Z,23.6517,141.8982,108.359,4.7,mb,61,109,3.439,0.73,us,us7000nmln,2024-10-23T15:10:19.040Z,"Volcano Islands, Japan region",earthquake,12.51,7.749,0.049,133,reviewed,us,us
2024-10-23T06:05:14.093Z,-40.9535,-91.4091,10,5,mb,72,148,13.739,1.04,us,us7000nmk2,2024-10-23T06:43:15.040Z,"West Chile Rise",earthquake,12.9,1.884,0.052,116,reviewed,us,us
2024-10-23T03:12:09.667Z,31.0176,140.9226,67.852,4.6,mb,49,97,2.293,0.42,us,us7000nmjm,2024-11-14T00:35:48.040Z,"Izu Islands, Japan region",earthquake,11.15,6.003,0.082,45,reviewed,us,us
2024-10-23T01:37:22.266Z,38.1307,74.0706,158.973,4.5,mb,32,227,3.74,0.48,us,us7000nrcx,2024-11-13T23:27:31.040Z,"10 km ESE of Murghob, Tajikistan",earthquake,9.55,8.154,0.135,16,reviewed,us,us
2024-10-22T22:18:04.096Z,16.717,-99.1767,56.281,4.9,mww,103,158,1.024,0.78,us,us7000nmi9,2024-10-29T07:54:05.040Z,"5 km W of Cruz Grande, Mexico",earthquake,8.85,7.513,0.053,34,reviewed,us,us
2024-10-22T19:49:32.406Z,2.7718,-84.4081,10,4.6,mb,69,80,5.748,0.83,us,us7000nmhe,2024-11-11T21:08:34.040Z,"off the coast of Central America",earthquake,9.71,1.869,0.073,55,reviewed,us,us
2024-10-22T19:43:33.733Z,-13.6417,66.05,10,4.6,mb,20,157,58.008,0.71,us,us7000nr6r,2024-11-11T21:21:57.040Z,"Mid-Indian Ridge",earthquake,13.81,1.865,0.172,11,reviewed,us,us
2024-10-22T18:14:17.547Z,5.6923,126.344,10,4.5,mb,36,128,1.565,0.71,us,us7000nr6m,2024-11-11T20:17:23.040Z,"76 km SSE of Pondaguitan, Philippines",earthquake,10.59,1.813,0.108,25,reviewed,us,us
2024-10-22T15:45:37.516Z,-23.872,-179.6709,462.72,5.5,mww,108,73,5.574,0.5,us,us7000nmg9,2024-11-15T22:31:07.113Z,"south of the Fiji Islands",earthquake,10.57,5.99,0.073,18,reviewed,us,us
2024-10-22T12:48:54.037Z,-1.0635,127.374,10,4.9,mb,86,80,1.823,0.52,us,us7000nmeb,2024-10-22T13:36:14.040Z,"49 km SSW of Labuha, Indonesia",earthquake,6.78,1.852,0.07,67,reviewed,us,us
2024-10-22T12:43:52.670Z,-7.861,108.3777,89.798,4.9,mb,63,28,0.823,0.79,us,us7000nmea,2024-11-14T20:57:21.551Z,"56 km SSE of Kawalu, Indonesia",earthquake,6.92,6.37,0.082,47,reviewed,us,us
2024-10-22T12:35:42.942Z,1.1321,127.1007,159.321,4.5,mb,46,54,0.446,0.68,us,us7000nme9,2024-10-28T08:51:03.040Z,"49 km NW of Ternate, Indonesia",earthquake,8.01,5.483,0.089,37,reviewed,us,us
2024-10-22T12:08:33.285Z,-3.048,147.4333,10,5,mb,57,49,4.855,0.61,us,us7000nme7,2024-10-23T13:29:06.040Z,"113 km S of Lorengau, Papua New Guinea",earthquake,7.1,1.843,0.085,44,reviewed,us,us
2024-10-22T02:36:18.550Z,-6.0558,130.3665,10,5.1,mb,78,43,1.591,0.58,us,us7000nmcs,2024-11-12T01:39:42.040Z,"268 km W of Tual, Indonesia",earthquake,6.97,1.733,0.077,54,reviewed,us,us
2024-10-22T01:12:37.193Z,36.1641,141.3193,35,4.5,mb,40,151,2.539,0.59,us,us7000nmck,2024-11-11T23:19:19.040Z,"64 km ENE of Kashima-shi, Japan",earthquake,9.28,1.951,0.11,24,reviewed,us,us
2024-10-21T20:25:35.787Z,-17.7732,-178.6631,556.614,4.7,mb,94,72,2.279,0.68,us,us7000nmby,2024-11-09T17:03:53.040Z,"216 km E of Levuka, Fiji",earthquake,11.52,6.61,0.028,393,reviewed,us,us
2024-10-21T19:22:50.877Z,-1.1008,127.443,10,4.5,mb,32,105,1.861,0.67,us,us7000nmbm,2024-11-09T16:57:14.040Z,"52 km S of Labuha, Indonesia",earthquake,7.78,1.798,0.115,22,reviewed,us,us
2024-10-21T16:02:44.463Z,-17.5017,-178.2268,535.852,4.6,mb,76,111,2.515,0.81,us,us7000nmav,2024-11-10T18:14:22.040Z,"267 km ENE of Levuka, Fiji",earthquake,13.02,6.953,0.065,71,reviewed,us,us
2024-10-21T15:15:13.675Z,-1.1539,127.3576,10,4.7,mb,45,66,1.913,0.72,us,us6000p03l,2024-11-10T16:37:14.040Z,"59 km SSW of Labuha, Indonesia",earthquake,6.82,1.869,0.099,31,reviewed,us,us
2024-10-21T14:11:32.872Z,42.7601,143.6798,118.661,4.6,mb,102,76,0.839,0.53,us,us6000p02e,2024-11-10T16:18:06.810Z,"6 km SSE of Honchō, Japan",earthquake,7.01,2.046,0.046,141,reviewed,us,us
2024-10-21T08:35:08.646Z,-1.093,127.4696,10,5,mb,43,83,1.855,0.56,us,us6000p00d,2024-10-21T08:53:33.040Z,"51 km S of Labuha, Indonesia",earthquake,5.88,1.755,0.097,34,reviewed,us,us
2024-10-21T08:24:06.089Z,-1.1634,127.3904,10,5.2,mb,68,77,1.922,0.5,us,us6000p00b,2024-10-21T08:40:51.040Z,"60 km S of Labuha, Indonesia",earthquake,7.11,1.865,0.072,63,reviewed,us,us
2024-10-21T08:08:33.226Z,-1.1854,127.2924,10,4.9,mb,43,82,1.945,0.59,us,us6000p00a,2024-10-21T08:30:52.040Z,"65 km SSW of Labuha, Indonesia",earthquake,6.74,1.886,0.087,41,reviewed,us,us
2024-10-21T06:32:35.642Z,-1.0991,127.4181,10,5.7,mb,72,78,1.859,0.67,us,us6000p000,2024-10-22T06:36:04.138Z,"52 km S of Labuha, Indonesia",earthquake,5.15,1.841,0.049,150,reviewed,us,us
2024-10-21T06:09:39.122Z,-17.9663,-178.562,569.439,4.5,mb,37,95,2.469,0.86,us,us6000nzzw,2024-10-22T07:58:51.040Z,"224 km E of Levuka, Fiji",earthquake,11.06,8.19,0.099,30,reviewed,us,us
2024-10-21T05:35:49.196Z,52.6667,172.4989,43.229,5,mb,114,110,3.794,0.58,us,us6000nzzt,2024-11-15T05:45:59.647Z,"50 km WSW of Attu Station, Alaska",earthquake,9.32,7.33,0.029,388,reviewed,us,us
2024-10-21T04:58:11.134Z,-7.5198,127.8825,142.002,4.5,mb,23,76,3.593,0.74,us,us7000nqns,2024-11-10T05:04:35.040Z,"147 km NE of Lospalos, Timor Leste",earthquake,12.24,9.855,0.171,10,reviewed,us,us
2024-10-21T04:17:54.412Z,-1.0815,127.4653,10,4.5,mb,33,82,1.843,0.42,us,us7000nqnq,2024-11-10T03:58:56.040Z,"50 km S of Labuha, Indonesia",earthquake,7.07,1.893,0.121,20,reviewed,us,us
2024-10-21T04:12:15.170Z,-1.1441,127.4188,10,5.1,mww,97,30,1.904,0.68,us,us6000nzzb,2024-11-10T03:50:36.040Z,"57 km S of Labuha, Indonesia",earthquake,5.77,1.671,0.073,18,reviewed,us,us
2024-10-21T04:10:23.009Z,-1.0986,127.3707,10,4.8,mb,56,59,1.858,0.79,us,us6000nzza,2024-11-10T01:57:03.040Z,"53 km SSW of Labuha, Indonesia",earthquake,6.99,1.874,0.088,40,reviewed,us,us
2024-10-21T03:53:05.041Z,-1.1704,127.2159,10,4.8,mb,46,57,1.935,0.76,us,us6000nzz3,2024-11-10T01:29:43.040Z,"66 km SSW of Labuha, Indonesia",earthquake,3.82,1.868,0.102,30,reviewed,us,us
2024-10-21T03:42:48.790Z,-1.0938,127.2738,10,4.5,mb,32,110,1.855,0.58,us,us7000nqnp,2024-11-10T01:23:47.040Z,"56 km SSW of Labuha, Indonesia",earthquake,8.83,1.902,0.121,20,reviewed,us,us
2024-10-21T03:24:16.325Z,-1.1761,127.4439,16,5.8,mww,111,26,1.936,0.75,us,us6000nzyn,2024-11-10T00:16:32.594Z,"61 km S of Labuha, Indonesia",earthquake,5.85,1.353,0.055,32,reviewed,us,us
2024-10-21T02:41:51.845Z,-28.1506,-175.9643,10,4.5,mb,16,265,2.044,1.1,us,us7000nqnn,2024-11-09T23:18:58.040Z,"Kermadec Islands region",earthquake,13.36,1.995,0.15,13,reviewed,us,us
2024-10-20T23:22:17.612Z,-12.4872,166.9743,203.748,4.5,mb,70,101,8.421,0.38,us,us6000nzxu,2024-11-14T04:28:03.040Z,"165 km NNW of Sola, Vanuatu",earthquake,12.43,7.467,0.071,58,reviewed,us,us
2024-10-20T22:59:40.692Z,-30.8915,-68.7295,107.059,5.7,mww,219,26,0.653,0.73,us,us6000nzxj,2024-11-14T06:11:40.244Z,"63 km NNW of San Martín, Argentina",earthquake,6.28,4.086,0.032,95,reviewed,us,us
2024-10-20T18:31:41.560Z,-11.4561,166.1707,81.085,4.5,mb,42,140,6.441,0.56,us,us7000nqn1,2024-11-09T14:53:42.040Z,"90 km SSE of Lata, Solomon Islands",earthquake,4.38,7.528,0.092,35,reviewed,us,us
2024-10-20T18:05:25.762Z,-4.1673,152.7611,72.575,4.5,mb,26,109,0.596,0.49,us,us6000nzwp,2024-11-09T13:44:37.040Z,"58 km ENE of Kokopo, Papua New Guinea",earthquake,9.52,5.061,0.124,19,reviewed,us,us
2024-10-20T17:44:49.716Z,39.3464,73.5829,10,4.6,mb,77,86,1.354,0.77,us,us6000nzwl,2024-11-09T13:47:42.040Z,"108 km S of Gul’cha, Kyrgyzstan",earthquake,6.25,1.887,0.068,64,reviewed,us,us
2024-10-20T16:20:41.025Z,-9.3889,161.4662,10,4.5,mb,19,140,1.499,1.11,us,us7000nqmr,2024-11-09T14:50:37.040Z,"108 km SE of Auki, Solomon Islands",earthquake,7.97,1.937,0.191,10,reviewed,us,us
2024-10-20T16:13:51.494Z,5.2988,94.31,64.394,4.6,mb,47,131,2.627,0.83,us,us6000nzwe,2024-11-09T14:42:38.040Z,"116 km WSW of Banda Aceh, Indonesia",earthquake,7.87,7.962,0.076,56,reviewed,us,us
2024-10-20T13:56:17.030Z,-23.1028,-66.3751,225.005,4.5,mb,27,72,2.953,0.8,us,us6000nzw3,2024-11-08T21:08:22.040Z,"72 km W of El Aguilar, Argentina",earthquake,7.05,8.86,0.136,16,reviewed,us,us
2024-10-20T12:31:07.587Z,-21.8931,-179.5015,591.313,5.5,mww,75,58,4.725,0.65,us,us6000nzvu,2024-11-09T08:19:08.288Z,"Fiji region",earthquake,11.03,7.534,0.068,21,reviewed,us,us
2024-10-20T10:06:51.920Z,-24.5689,-177.1379,154.518,4.8,mb,56,107,4.711,1.01,us,us6000nzve,2024-11-09T09:26:34.040Z,"south of the Fiji Islands",earthquake,11.34,6.755,0.044,163,reviewed,us,us
2024-10-20T10:00:01.194Z,13.8634,92.8425,17.641,4.7,mb,24,102,6.114,1.06,us,us7000nqmm,2024-11-09T09:57:56.040Z,"239 km N of Bamboo Flat, India",earthquake,9.86,4.143,0.147,14,reviewed,us,us
2024-10-20T09:09:00.541Z,-5.5106,154.2549,133.911,4.8,mb,58,90,2.462,0.98,us,us6000nzv6,2024-11-09T09:37:57.040Z,"162 km WNW of Panguna, Papua New Guinea",earthquake,8.57,4.445,0.064,74,reviewed,us,us
2024-10-20T08:02:37.802Z,-29.1675,-71.0128,68.255,4.7,mb,54,131,0.315,0.62,us,us6000nzux,2024-11-09T08:07:37.294Z,"70 km SSW of Vallenar, Chile",earthquake,4.23,2.789,0.052,112,reviewed,us,us
2024-10-20T05:24:49.031Z,0.3682,121.0182,107.402,4.6,mb,26,136,0.775,1.14,us,us6000nzu9,2024-11-09T07:56:29.040Z,"190 km NE of Palu, Indonesia",earthquake,6.76,6.792,0.125,19,reviewed,us,us
2024-10-20T04:44:42.987Z,3.5772,127.8858,79.634,4.8,mb,56,109,2.835,0.73,us,us6000nzu5,2024-11-09T00:39:04.040Z,"204 km N of Tobelo, Indonesia",earthquake,9.09,7.291,0.092,39,reviewed,us,us
2024-10-20T00:51:12.994Z,-35.8843,-103.3627,10,4.6,mb,15,155,25.269,1.33,us,us7000nqmc,2024-11-14T02:24:39.040Z,"southeast of Easter Island",earthquake,16.55,1.926,0.158,12,reviewed,us,us
2024-10-19T23:37:48.826Z,42.9381,145.0497,109.239,4.6,mb,52,179,1.677,1.04,us,us6000nzt2,2024-11-12T03:23:29.040Z,"19 km SE of Akkeshi, Japan",earthquake,10.23,8.126,0.088,39,reviewed,us,us
2024-10-19T23:02:34.502Z,-30.061,-177.006,10,4.5,mb,18,223,1.126,1.05,us,us7000nqgi,2024-11-14T03:32:08.040Z,"Kermadec Islands, New Zealand",earthquake,12.85,1.994,0.15,13,reviewed,us,us
2024-10-19T22:26:15.835Z,-26.3158,-68.8537,106.629,4.6,mb,106,46,1.576,0.85,us,us6000nzsk,2024-11-12T03:48:02.040Z,"119 km E of Diego de Almagro, Chile",earthquake,7.78,6.817,0.056,94,reviewed,us,us
2024-10-19T18:46:45.159Z,-30.7132,-175.6455,10,4.5,mb,10,250,2.447,0.51,us,us6000nzrz,2024-11-14T17:56:40.040Z,"Kermadec Islands region",earthquake,10.18,2.026,0.131,17,reviewed,us,us
2024-10-19T18:07:13.624Z,0.4909,119.9077,62.475,5.2,mww,200,17,1.069,0.62,us,us6000nzru,2024-11-14T17:24:38.040Z,"154 km N of Palu, Indonesia",earthquake,5.64,4.382,0.078,16,reviewed,us,us
2024-10-19T17:29:14.193Z,-6.0549,146.685,55.903,4.7,mb,98,43,3.361,0.65,us,us6000nzrq,2024-11-14T17:02:45.961Z,"81 km NNW of Lae, Papua New Guinea",earthquake,7.07,6.841,0.06,88,reviewed,us,us
2024-10-19T15:36:20.357Z,5.284,94.2863,54.158,4.6,mb,70,75,2.65,0.83,us,us6000nzrf,2024-11-13T22:20:19.040Z,"119 km WSW of Banda Aceh, Indonesia",earthquake,9.1,6.86,0.072,62,reviewed,us,us
2024-10-19T15:28:07.389Z,-17.2026,-173.5318,35,4.5,mb,10,128,3.683,1.13,us,us7000nqge,2024-11-13T21:44:52.040Z,"140 km SSE of Hihifo, Tonga",earthquake,5.32,1.955,0.205,9,reviewed,us,us
2024-10-19T13:38:02.997Z,38.7938,72.0148,10,4.6,mb,18,200,0.703,1.18,us,us6000nzr3,2024-11-08T20:49:35.040Z,"64 km SE of Karakenja, Tajikistan",earthquake,6.42,1.943,0.137,16,reviewed,us,us
2024-10-19T13:35:32.251Z,38.9758,72.5609,10,4.5,mb,19,178,0.775,0.53,us,us6000nzqu,2024-11-08T20:34:21.040Z,"70 km SSE of Kyzyl-Eshme, Kyrgyzstan",earthquake,5.81,1.929,0.15,13,reviewed,us,us
2024-10-19T13:32:20.709Z,-13.6929,66.0196,10,5.3,mww,70,40,6.541,0.65,us,us6000nzqz,2024-11-08T14:47:42.040Z,"Mid-Indian Ridge",earthquake,8.52,1.725,0.075,17,reviewed,us,us
2024-10-19T12:01:57.611Z,5.4996,-82.6346,10,4.6,mb,54,136,2.971,0.89,us,us6000nzql,2024-11-09T07:24:19.040Z,"281 km S of Burica, Panama",earthquake,6.68,1.934,0.048,129,reviewed,us,us
2024-10-19T11:41:10.568Z,37.5967,37.1395,10,4.5,mb,42,55,0.21,0.98,us,us6000nzqk,2024-11-09T07:19:37.040Z,"18 km NW of Pazarcık, Turkey",earthquake,3.52,1.617,0.113,23,reviewed,us,us
2024-10-19T07:08:29.740Z,34.7322,26.2418,15.594,4.8,mww,81,130,1.24,0.6,us,us6000nzpu,2024-11-10T13:00:36.259Z,"51 km S of Palekastro, Greece",earthquake,8.09,5.242,0.069,20,reviewed,us,us
2024-10-19T01:20:32.744Z,-56.1363,-27.9915,120.116,4.7,mb,38,96,5.207,0.76,us,us6000nzp2,2024-11-09T00:24:07.040Z,"South Sandwich Islands region",earthquake,12.48,8.67,0.086,41,reviewed,us,us
2024-10-19T00:43:33.619Z,-42.7379,-82.6385,10,4.9,mww,57,145,7.015,1.02,us,us6000nznv,2024-11-14T02:56:25.040Z,"West Chile Rise",earthquake,10.31,1.883,0.065,23,reviewed,us,us
2024-10-19T00:18:53.783Z,-18.9272,-172.7182,10,4.7,mb,28,90,2.645,0.89,us,us6000nznl,2024-11-14T02:32:28.040Z,"136 km ESE of Neiafu, Tonga",earthquake,10.15,1.896,0.112,24,reviewed,us,us
